title,url,letter
Abdominal pain in adults,https://healthify.nz/health-a-z/a/abdominal-pain-adults,A
Abdominal pain in children – chronic,https://healthify.nz/health-a-z/a/abdominal-pain-in-children-chronic,A
Abortion,https://healthify.nz/health-a-z/a/abortion,A
Abuse and safety,https://healthify.nz/health-a-z/a/abuse-and-safety,A
Abuse – elder,https://healthify.nz/health-a-z/a/abuse-elder,A
Acne,https://healthify.nz/health-a-z/a/acne,A
Actinic keratoses,https://healthify.nz/health-a-z/a/actinic-keratoses,A
Acupuncture,https://healthify.nz/health-a-z/a/acupuncture,A
Acute kidney injury,https://healthify.nz/health-a-z/a/acute-kidney-injury,A
Acute pain,https://healthify.nz/health-a-z/a/acute-pain,A
Addiction,https://healthify.nz/health-a-z/a/addiction,A
ADHD – adults,https://healthify.nz/health-a-z/a/adhd-adults,A
ADHD – Changes to prescribing rules,https://healthify.nz/health-a-z/a/adhd-changes-prescribing-rules,A
ADHD – children,https://healthify.nz/health-a-z/a/adhd-children,A
ADHD topics,https://healthify.nz/health-a-z/a/adhd-topics,A
Adrenal insufficiency,https://healthify.nz/health-a-z/a/adrenal-insufficiency,A
Addison's disease,https://healthify.nz/health-a-z/a/adrenal-insufficiency-hcps,A
Advance care planning,https://healthify.nz/health-a-z/a/advance-care-planning,A
AF,https://healthify.nz/health-a-z/a/af,A
Ageing – what's normal,https://healthify.nz/health-a-z/a/ageing-what-is-normal,A
Agoraphobia,https://healthify.nz/health-a-z/a/agoraphobia,A
AIDS & HIV,https://healthify.nz/health-a-z/a/aids-hiv,A
Albuminuria,https://healthify.nz/health-a-z/a/albuminuria,A
Allergic conjunctivitis,https://healthify.nz/health-a-z/a/allergic-conjunctivitis,A
Allergic eye,https://healthify.nz/health-a-z/a/allergic-eye,A
Allergic rhinitis,https://healthify.nz/health-a-z/a/allergic-rhinitis,A
Allergies,https://healthify.nz/health-a-z/a/allergies,A
Allergies – food,https://healthify.nz/health-a-z/a/allergies-food,A
Allergies – tips for children starting school,https://healthify.nz/health-a-z/a/allergies-tips-for-children-starting-school,A
Allergy – dust mites,https://healthify.nz/health-a-z/a/allergy-dust-mites,A
Allergy topics,https://healthify.nz/health-a-z/a/allergy-topics,A
Alpha-fetoprotein (AFP) test,https://healthify.nz/health-a-z/a/alpha-fetoprotein-afp-test,A
Alzheimer's disease,https://healthify.nz/health-a-z/a/alzheimers-disease,A
Ambylopia,https://healthify.nz/health-a-z/a/amblyopia,A
Amenorrhoea,https://healthify.nz/health-a-z/a/amenorrhoea,A
Amniocentesis,https://healthify.nz/health-a-z/a/amniocentesis,A
Amoebiasis,https://healthify.nz/health-a-z/a/amoebiasis,A
Amyloidosis,https://healthify.nz/health-a-z/a/amyloidosis,A
Anaemia,https://healthify.nz/health-a-z/a/anaemia,A
Anaemia – sickle cell,https://healthify.nz/health-a-z/a/anaemia-sickle-cell,A
Anaesthesia,https://healthify.nz/health-a-z/a/anaesthesia,A
Anal cancer,https://healthify.nz/health-a-z/a/anal-cancer,A
Anal fissure,https://healthify.nz/health-a-z/a/anal-fissure,A
Anaphylaxis,https://healthify.nz/health-a-z/a/anaphylaxis,A
Anencephaly,https://healthify.nz/health-a-z/a/anencephaly,A
Angina,https://healthify.nz/health-a-z/a/angina,A
Angioedema,https://healthify.nz/health-a-z/a/angioedema,A
Angiography,https://healthify.nz/health-a-z/a/angiography,A
Angioplasty,https://healthify.nz/health-a-z/a/angioplasty,A
Animal and human bites,https://healthify.nz/health-a-z/a/animal-and-human-bites,A
Ankylosing spondylitis,https://healthify.nz/health-a-z/a/ankylosing-spondylitis,A
Anorexia,https://healthify.nz/health-a-z/a/anorexia,A
Anxiety,https://healthify.nz/health-a-z/a/anxiety,A
Anxiety topics,https://healthify.nz/health-a-z/a/anxiety-topics,A
Anxiety – young people,https://healthify.nz/health-a-z/a/anxiety-young-people,A
Aortic aneurysm,https://healthify.nz/health-a-z/a/aortic-aneurysms,A
Aortic dissection,https://healthify.nz/health-a-z/a/aortic-dissection,A
Aphasia,https://healthify.nz/health-a-z/a/aphasia,A
Aphthous ulcer,https://healthify.nz/health-a-z/a/aphthous-ulcer,A
Appendicitis,https://healthify.nz/health-a-z/a/appendicitis,A
Arrhythmia,https://healthify.nz/health-a-z/a/arrhythmias,A
Arthritis topics,https://healthify.nz/health-a-z/a/arthritis,A
Arthritis – an introduction,https://healthify.nz/health-a-z/a/arthritis-an-introduction,A
Arthritis and exercise,https://healthify.nz/health-a-z/a/arthritis-and-exercise,A
Arthritis in children,https://healthify.nz/health-a-z/a/arthritis-children,A
Assisted dying,https://healthify.nz/health-a-z/a/assisted-dying,A
Asthma – adults,https://healthify.nz/health-a-z/a/asthma-adults,A
Asthma – children,https://healthify.nz/health-a-z/a/asthma-children,A
Asthma during exercise,https://healthify.nz/health-a-z/a/asthma-exercise,A
Asthma – first aid,https://healthify.nz/health-a-z/a/asthma-first-aid,A
Asthma – pregnancy,https://healthify.nz/health-a-z/a/asthma-pregnancy,A
Asthma topics,https://healthify.nz/health-a-z/a/asthma-topics,A
Atherosclerosis,https://healthify.nz/health-a-z/a/atherosclerosis,A
Athlete’s foot,https://healthify.nz/health-a-z/a/athletes-foot,A
Atopic dermatitis,https://healthify.nz/health-a-z/a/atopic-dermatitis,A
Atopic eczema,https://healthify.nz/health-a-z/a/atopic-eczema,A
Atrial fibrillation,https://healthify.nz/health-a-z/a/atrial-fibrillation,A
Atrophic vaginitis,https://healthify.nz/health-a-z/a/atrophic-vaginitis,A
Autism in children,https://healthify.nz/health-a-z/a/autism,A
Autism in adults,https://healthify.nz/health-a-z/a/autism-in-adults,A
Autoimmune disease topics,https://healthify.nz/health-a-z/a/autoimmune-disease-topics,A
Autoimmune diseases overview,https://healthify.nz/health-a-z/a/autoimmune-diseases-overview,A
Automated insulin delivery (AID) system,https://healthify.nz/health-a-z/a/automated-insulin-delivery,A
Avoidant restrictive food intake disorder (ARFID),https://healthify.nz/health-a-z/a/avoidant-restrictive-food-intake-disorder-arfid,A
Breast ultrasound,https://healthify.nz/health-a-z/b/Breast-ultrasound,B
Back and neck pain topics,https://healthify.nz/health-a-z/b/back-and-neck-pain-topics,B
Back pain,https://healthify.nz/health-a-z/b/back-pain,B
Back pain self-care,https://healthify.nz/health-a-z/b/back-pain-self-care,B
Back pain treatment,https://healthify.nz/health-a-z/b/back-pain-treatment,B
Bacterial vaginosis,https://healthify.nz/health-a-z/b/bacterial-vaginosis,B
Bad breath,https://healthify.nz/health-a-z/b/bad-breath,B
Baker's cyst,https://healthify.nz/health-a-z/b/bakers-cyst,B
Balanitis,https://healthify.nz/health-a-z/b/balanitis,B
Barium enema,https://healthify.nz/health-a-z/b/barium-enema,B
Barium swallow,https://healthify.nz/health-a-z/b/barium-swallow,B
Bartholin’s cyst,https://healthify.nz/health-a-z/b/bartholins-cyst,B
Basal cell carcinoma,https://healthify.nz/health-a-z/b/basal-cell-carcinoma,B
Basal thumb arthritis,https://healthify.nz/health-a-z/b/basal-thumb-arthritis,B
Bedwetting – children,https://healthify.nz/health-a-z/b/bedwetting-children,B
Bell's palsy,https://healthify.nz/health-a-z/b/bells-palsy,B
Benign paroxysmal positional vertigo (BPPV),https://healthify.nz/health-a-z/b/benign-paroxysmal-positional-vertigo-bppv,B
Bipolar disorder,https://healthify.nz/health-a-z/b/bipolar-disorder,B
Birth differences,https://healthify.nz/health-a-z/b/birth-differences,B
Blackout,https://healthify.nz/health-a-z/b/blackout,B
Bladder control problems,https://healthify.nz/health-a-z/b/bladder-control-problems,B
Bladder infection,https://healthify.nz/health-a-z/b/bladder-infection,B
Bladder – overactive,https://healthify.nz/health-a-z/b/bladder-overactive,B
Bladder training,https://healthify.nz/health-a-z/b/bladder-training,B
Bleeding first aid,https://healthify.nz/health-a-z/b/bleeding,B
Bleeding after sex,https://healthify.nz/health-a-z/b/bleeding-after-sex,B
Bleeding in the white of the eye,https://healthify.nz/health-a-z/b/bleeding-in-the-white-of-the-eye,B
Blepharitis,https://healthify.nz/health-a-z/b/blepharitis,B
Blindness and low vision,https://healthify.nz/health-a-z/b/blindness-and-low-vision,B
Blindness and low vision topics,https://healthify.nz/health-a-z/b/blindness-and-low-vision-topics,B
Blisters,https://healthify.nz/health-a-z/b/blisters,B
Bloating and gassiness,https://healthify.nz/health-a-z/b/bloating-and-gassiness,B
Blocked ears,https://healthify.nz/health-a-z/b/blocked-ears,B
Blocked nose,https://healthify.nz/health-a-z/b/blocked-nose,B
Blood and marrow transplant,https://healthify.nz/health-a-z/b/blood-and-marrow-transplant,B
Blood clot topics,https://healthify.nz/health-a-z/b/blood-clot-topics,B
Blood clots,https://healthify.nz/health-a-z/b/blood-clots,B
Blood clotting tests,https://healthify.nz/health-a-z/b/blood-clotting-tests,B
Blood disorder topics,https://healthify.nz/health-a-z/b/blood-disorders,B
Blood glucose test meters,https://healthify.nz/health-a-z/b/blood-glucose-test-meters,B
Blood in urine (haematuria),https://healthify.nz/health-a-z/b/blood-in-urine-haematuria,B
Blood or body fluid exposure,https://healthify.nz/health-a-z/b/blood-or-fluid-exposure,B
Blood poisoning,https://healthify.nz/health-a-z/b/blood-poisoning,B
Blood pressure,https://healthify.nz/health-a-z/b/blood-pressure,B
Blood pressure – high,https://healthify.nz/health-a-z/b/blood-pressure-high,B
Blood pressure – low,https://healthify.nz/health-a-z/b/blood-pressure-low,B
Blood pressure measurement,https://healthify.nz/health-a-z/b/blood-pressure-measurement,B
Blood pressure topics,https://healthify.nz/health-a-z/b/blood-pressure-topics,B
Blood tests,https://healthify.nz/health-a-z/b/blood-tests,B
Blood tests topics,https://healthify.nz/health-a-z/b/blood-tests-topics,B
Blood transfusion,https://healthify.nz/health-a-z/b/blood-transfusion,B
Body mass index (BMI),https://healthify.nz/health-a-z/b/body-mass-index-bmi,B
Body odour,https://healthify.nz/health-a-z/b/body-odour,B
Body size and health,https://healthify.nz/health-a-z/b/body-size-and-health,B
Body size and health in children,https://healthify.nz/health-a-z/b/body-size-and-health-children,B
Boils and abscesses,https://healthify.nz/health-a-z/b/boils-and-abscesses,B
Bone health calculators,https://healthify.nz/health-a-z/b/bone-health-calculators,B
Bone health check,https://healthify.nz/health-a-z/b/bone-health-check,B
Bone scan,https://healthify.nz/health-a-z/b/bone-scan,B
Borderline personality disorder (BPD),https://healthify.nz/health-a-z/b/borderline-personality-disorder-bpd,B
Bowel cancer,https://healthify.nz/health-a-z/b/bowel-cancer,B
Bowel cancer screening,https://healthify.nz/health-a-z/b/bowel-cancer-screening,B
Bowel polyps,https://healthify.nz/health-a-z/b/bowel-polyps,B
Brain aneurysm,https://healthify.nz/health-a-z/b/brain-aneurysm,B
Brain injury,https://healthify.nz/health-a-z/b/brain-injury,B
Brain injury in children,https://healthify.nz/health-a-z/b/brain-injury-in-children,B
BRCA gene,https://healthify.nz/health-a-z/b/brca-gene,B
Breast abscess,https://healthify.nz/health-a-z/b/breast-abscess,B
Breast cancer,https://healthify.nz/health-a-z/b/breast-cancer,B
Breast cancer – after treatment,https://healthify.nz/health-a-z/b/breast-cancer-after-treatment,B
Breast cancer diagnosis,https://healthify.nz/health-a-z/b/breast-cancer-diagnosis,B
Breast cancer treatment,https://healthify.nz/health-a-z/b/breast-cancer-treatment,B
Breast conditions and problems topics,https://healthify.nz/health-a-z/b/breast-conditions-and-problems,B
Breast lumps and changes,https://healthify.nz/health-a-z/b/breast-lumps-and-changes,B
Breast pain,https://healthify.nz/health-a-z/b/breast-pain,B
Breast screening,https://healthify.nz/health-a-z/b/breast-screening,B
Breast screening and procedure topics,https://healthify.nz/health-a-z/b/breast-screening-and-procedures,B
Breastfeeding and herbal medicines,https://healthify.nz/health-a-z/b/breastfeeding-and-herbal-medicines,B
Breastfeeding – common problems,https://healthify.nz/health-a-z/b/breastfeeding-common-problems,B
Breastfeeding – unable to,https://healthify.nz/health-a-z/b/breastfeeding-unable-to,B
Breathing difficulties in children,https://healthify.nz/health-a-z/b/breathing-difficulties-in-children,B
Breathing pattern disorders,https://healthify.nz/health-a-z/b/breathing-pattern-disorders,B
Breathing rate,https://healthify.nz/health-a-z/b/breathing-rate,B
Breathlessness,https://healthify.nz/health-a-z/b/breathlessness,B
Broken hip,https://healthify.nz/health-a-z/b/broken-hip,B
Broken nose,https://healthify.nz/health-a-z/b/broken-nose,B
Broken wrist,https://healthify.nz/health-a-z/b/broken-wrist,B
Bronchiectasis,https://healthify.nz/health-a-z/b/bronchiectasis,B
Bronchiectasis – children,https://healthify.nz/health-a-z/b/bronchiectasis-children,B
Bronchiolitis,https://healthify.nz/health-a-z/b/bronchiolitis,B
Bronchitis (acute),https://healthify.nz/health-a-z/b/bronchitis-acute,B
Bronchoscopy,https://healthify.nz/health-a-z/b/bronchoscopy,B
Bulimia,https://healthify.nz/health-a-z/b/bulimia,B
Bunion,https://healthify.nz/health-a-z/b/bunion,B
Burns – first aid,https://healthify.nz/health-a-z/b/burns-first-aid,B
Burns prevention for children,https://healthify.nz/health-a-z/b/burns-prevention-for-children,B
Bursitis,https://healthify.nz/health-a-z/b/bursitis,B
Button battery dangers for children,https://healthify.nz/health-a-z/b/button-battery-dangers-for-children,B
CGMs,https://healthify.nz/health-a-z/c/CGMs,C
Childhood Immunisation,https://healthify.nz/health-a-z/c/Childhood-Immunisation,C
Chronic obstructive pulmonary disease,https://healthify.nz/health-a-z/c/Chronic-obstructive-pulmonary-disease,C
C-reactive protein test,https://healthify.nz/health-a-z/c/c-reactive-protein-test,C
Caesarean section,https://healthify.nz/health-a-z/c/caesarean-section,C
Calcium topics,https://healthify.nz/health-a-z/c/calcium-topics,C
Calluses and corns,https://healthify.nz/health-a-z/c/calluses-and-corns,C
Campylobacter,https://healthify.nz/health-a-z/c/campylobacter,C
Cancer – managing chemotherapy,https://healthify.nz/health-a-z/c/cancer-managing-chemotherapy,C
Cancer pain,https://healthify.nz/health-a-z/c/cancer-pain,C
Cancer screening topics,https://healthify.nz/health-a-z/c/cancer-screening-topics,C
Cancer topics,https://healthify.nz/health-a-z/c/cancer-topics,C
Cancer treatment topics,https://healthify.nz/health-a-z/c/cancer-treatment-topics,C
Cancer – what is it?,https://healthify.nz/health-a-z/c/cancer-what-is-it,C
Cannabis hyperemesis syndrome,https://healthify.nz/health-a-z/c/cannabis-hyperemesis-syndrome,C
Carbuncle cyst,https://healthify.nz/health-a-z/c/carbuncle-cyst,C
Cardiac arrest,https://healthify.nz/health-a-z/c/cardiac-arrest,C
Cardiovascular disease risk assessment,https://healthify.nz/health-a-z/c/cardiovascular-disease-risk-assessment,C
Carpal tunnel syndrome,https://healthify.nz/health-a-z/c/carpal-tunnel-syndrome,C
Cataract,https://healthify.nz/health-a-z/c/cataract,C
CBT,https://healthify.nz/health-a-z/c/cbt,C
Cellulitis,https://healthify.nz/health-a-z/c/cellulitis,C
Cerebral aneurysm,https://healthify.nz/health-a-z/c/cerebral-aneurysm,C
Cerebral palsy | Hōkai nukurangi,https://healthify.nz/health-a-z/c/cerebral-palsy,C
Cervical cancer,https://healthify.nz/health-a-z/c/cervical-cancer,C
Cervical ectropion,https://healthify.nz/health-a-z/c/cervical-ectropion,C
Cervical polyps,https://healthify.nz/health-a-z/c/cervical-polyps,C
Cervical screening,https://healthify.nz/health-a-z/c/cervical-screening,C
Charcot-Marie-Tooth disease (CMT),https://healthify.nz/health-a-z/c/charcot-marie-tooth-disease-cmt,C
CheckToP test kit,https://healthify.nz/health-a-z/c/checktop-test-kit,C
Chest infections,https://healthify.nz/health-a-z/c/chest-infections,C
Chest pain,https://healthify.nz/health-a-z/c/chest-pain,C
Chickenpox,https://healthify.nz/health-a-z/c/chickenpox,C
Chilblains,https://healthify.nz/health-a-z/c/chilblains,C
Child abuse,https://healthify.nz/health-a-z/c/child-abuse,C
Child abuse – preventing,https://healthify.nz/health-a-z/c/child-abuse-preventing,C
Childhood cancer,https://healthify.nz/health-a-z/c/childhood-cancer,C
Childhood cancer – long term follow up,https://healthify.nz/health-a-z/c/childhood-cancer-long-term-follow-up,C
Childhood rashes,https://healthify.nz/health-a-z/c/childhood-rashes,C
Children's common health problems,https://healthify.nz/health-a-z/c/childrens-common-health-problems,C
Children's pain,https://healthify.nz/health-a-z/c/childrens-pain,C
Chlamydia,https://healthify.nz/health-a-z/c/chlamydia,C
Cholesterol – high,https://healthify.nz/health-a-z/c/cholesterol-high,C
Cholesterol test results,https://healthify.nz/health-a-z/c/cholesterol-test-results,C
Cholesterol testing,https://healthify.nz/health-a-z/c/cholesterol-testing,C
Cholesterol topics,https://healthify.nz/health-a-z/c/cholesterol-topics,C
Cholesterol – what is it,https://healthify.nz/health-a-z/c/cholesterol-what-is,C
Chronic bronchitis,https://healthify.nz/health-a-z/c/chronic-bronchitis,C
Chronic fatigue syndrome,https://healthify.nz/health-a-z/c/chronic-fatigue-syndrome,C
Chronic lymphocytic leukaemia,https://healthify.nz/health-a-z/c/chronic-lymphocytic-leukaemia,C
Chronic pain,https://healthify.nz/health-a-z/c/chronic-pain,C
Chronic pain in children,https://healthify.nz/health-a-z/c/chronic-pain-in-children,C
Cirrhosis,https://healthify.nz/health-a-z/c/cirrhosis,C
CKD,https://healthify.nz/health-a-z/c/ckd,C
Climate change anxiety,https://healthify.nz/health-a-z/c/climate-change-anxiety,C
Clostridium difficile infection,https://healthify.nz/health-a-z/c/clostridium-difficile-infection,C
Cluster headache,https://healthify.nz/health-a-z/c/cluster-headache,C
CoaguChek INR test meter,https://healthify.nz/health-a-z/c/coaguchek-inr-test-meter,C
Cochlear implant,https://healthify.nz/health-a-z/c/cochlear-implant,C
Coeliac disease overview,https://healthify.nz/health-a-z/c/coeliac-disease,C
Coeliac disease in children,https://healthify.nz/health-a-z/c/coeliac-disease-in-children,C
Coeliac disease topics,https://healthify.nz/health-a-z/c/coeliac-disease-topics,C
Cognitive behavioural therapy,https://healthify.nz/health-a-z/c/cognitive-behavioural-therapy,C
Cold sores,https://healthify.nz/health-a-z/c/cold-sores,C
"Cold, the flu or COVID-19?",https://healthify.nz/health-a-z/c/cold-the-flu-or-covid-19,C
Colds,https://healthify.nz/health-a-z/c/colds,C
Colic in babies,https://healthify.nz/health-a-z/c/colic-in-babies,C
Colonoscopy,https://healthify.nz/health-a-z/c/colonoscopy,C
Colposcopy,https://healthify.nz/health-a-z/c/colposcopy,C
Common symptoms and what to do,https://healthify.nz/health-a-z/c/common-symptoms-and-what-to-do,C
Complex regional pain syndrome,https://healthify.nz/health-a-z/c/complex-regional-pain-syndrome,C
Compression stockings,https://healthify.nz/health-a-z/c/compression-stockings,C
Concussion,https://healthify.nz/health-a-z/c/concussion,C
Concussion information for rugby coaches,https://healthify.nz/health-a-z/c/concussion-information-for-rugby-coaches,C
Condoms,https://healthify.nz/health-a-z/c/condoms,C
Cone biopsy,https://healthify.nz/health-a-z/c/cone-biopsy,C
Congenital heart disease,https://healthify.nz/health-a-z/c/congenital-heart-disease,C
Conjunctivitis,https://healthify.nz/health-a-z/c/conjunctivitis,C
Consent,https://healthify.nz/health-a-z/c/consent,C
Constipation in adults,https://healthify.nz/health-a-z/c/constipation-in-adults,C
Constipation in children,https://healthify.nz/health-a-z/c/constipation-in-children,C
Constipation treatment for children,https://healthify.nz/health-a-z/c/constipation-treatment-for-children,C
Contact dermatitis,https://healthify.nz/health-a-z/c/contact-dermatitis,C
Contact lenses,https://healthify.nz/health-a-z/c/contact-lenses,C
Continuous glucose monitoring,https://healthify.nz/health-a-z/c/continuous-glucose-monitoring,C
Continuous positive airway pressure (CPAP),https://healthify.nz/health-a-z/c/continuous-positive-airway-pressure-cpap,C
Contraception,https://healthify.nz/health-a-z/c/contraception,C
Contraception after pregnancy,https://healthify.nz/health-a-z/c/contraception-after-pregnancy,C
Contraception – fertility awareness,https://healthify.nz/health-a-z/c/contraception-fertility-awareness,C
Contraception for trans or non-binary people,https://healthify.nz/health-a-z/c/contraception-for-trans-or-non-binary-people,C
Contraception – help me choose,https://healthify.nz/health-a-z/c/contraception-help-me-choose,C
Contraception topics,https://healthify.nz/health-a-z/c/contraception-topics,C
COPD,https://healthify.nz/health-a-z/c/copd,C
COPD flare-ups,https://healthify.nz/health-a-z/c/copd-flare-ups,C
COPD topics,https://healthify.nz/health-a-z/c/copd-topics,C
Corneal abrasion,https://healthify.nz/health-a-z/c/corneal-abrasion,C
Corneal ulcer,https://healthify.nz/health-a-z/c/corneal-ulcer,C
Coronary angiography,https://healthify.nz/health-a-z/c/coronary-angiography,C
Coronary artery bypass surgery,https://healthify.nz/health-a-z/c/coronary-artery-bypass-surgery,C
Coronary artery disease,https://healthify.nz/health-a-z/c/coronary-artery-disease,C
Cough and sneeze – how to properly,https://healthify.nz/health-a-z/c/cough-and-sneeze-how-to-properly,C
Cough in adults,https://healthify.nz/health-a-z/c/cough-in-adults,C
Cough in children,https://healthify.nz/health-a-z/c/cough-in-children,C
"Cough, runny nose, sore throat",https://healthify.nz/health-a-z/c/cough-runny-nose-sore-throat,C
COVID-19 and people with weakened immune systems,https://healthify.nz/health-a-z/c/covid-19-and-people-with-weakened-immune-systems,C
COVID-19: Key information,https://healthify.nz/health-a-z/c/covid-19-key-information,C
COVID-19: Long COVID,https://healthify.nz/health-a-z/c/covid-19-long-covid,C
COVID-19: Long COVID topics,https://healthify.nz/health-a-z/c/covid-19-long-covid-topics,C
COVID-19 positive: Breathing positions and managing breathlessness,https://healthify.nz/health-a-z/c/covid-19-positive-breathing-positions-and-managing-breathlessness,C
COVID-19 positive: Caring for your child at home,https://healthify.nz/health-a-z/c/covid-19-positive-caring-for-your-child-at-home,C
COVID-19 positive: Exercise,https://healthify.nz/health-a-z/c/covid-19-positive-exercise,C
COVID-19 positive: Managing your symptoms,https://healthify.nz/health-a-z/c/covid-19-positive-managing-your-symptoms,C
COVID-19 and your mental wellbeing,https://healthify.nz/health-a-z/c/covid-19-positive-mental-wellbeing,C
COVID-19 positive when you're pregnant,https://healthify.nz/health-a-z/c/covid-19-positive-when-you-are-pregnant,C
COVID-19 rapid antigen tests (RATs),https://healthify.nz/health-a-z/c/covid-19-rapid-antigen-tests,C
COVID-19 management topics,https://healthify.nz/health-a-z/c/covid-19-topics,C
Cows' milk allergy,https://healthify.nz/health-a-z/c/cows-milk-allergy,C
Cows' milk allergy or lactose intolerance?,https://healthify.nz/health-a-z/c/cows-milk-allergy-or-lactose-intolerance,C
Cracked heel,https://healthify.nz/health-a-z/c/cracked-heel,C
Cradle cap,https://healthify.nz/health-a-z/c/cradle-cap,C
Crohn's disease,https://healthify.nz/health-a-z/c/crohns-disease,C
Croup,https://healthify.nz/health-a-z/c/croup,C
CRP,https://healthify.nz/health-a-z/c/crp,C
Cryptosporidium,https://healthify.nz/health-a-z/c/cryptosporidium,C
CT calcium score,https://healthify.nz/health-a-z/c/ct-calcium-score,C
CT scan,https://healthify.nz/health-a-z/c/ct-scan,C
Cushing's syndrome,https://healthify.nz/health-a-z/c/cushings-syndrome,C
Cuts and grazes,https://healthify.nz/health-a-z/c/cuts-and-grazes,C
Cystic fibrosis,https://healthify.nz/health-a-z/c/cystic-fibrosis,C
Cystitis,https://healthify.nz/health-a-z/c/cystitis,C
Cytomegalovirus (CMV),https://healthify.nz/health-a-z/c/cytomegalovirus-cmv,C
DVT,https://healthify.nz/health-a-z/d/DVT,D
DVT – hospital related,https://healthify.nz/health-a-z/d/DVT-hospital-related,D
DVT – travel-related,https://healthify.nz/health-a-z/d/DVT-travel-related,D
Dandruff,https://healthify.nz/health-a-z/d/dandruff,D
De Quervain's tenosynovitis,https://healthify.nz/health-a-z/d/de-quervains-tenosynovitis,D
Deafness,https://healthify.nz/health-a-z/d/deafness,D
Deep vein thrombosis,https://healthify.nz/health-a-z/d/deep-vein-thrombosis,D
Dehydration – adults,https://healthify.nz/health-a-z/d/dehydration-adults,D
Dehydration – children and babies,https://healthify.nz/health-a-z/d/dehydration-children-and-babies,D
Delayed sleep phase disorder,https://healthify.nz/health-a-z/d/delayed-sleep-phase-disorder,D
Delirium,https://healthify.nz/health-a-z/d/delirium,D
Delusional infestation,https://healthify.nz/health-a-z/d/delusional-infestation,D
Dementia overview,https://healthify.nz/health-a-z/d/dementia,D
Dementia – behaviour changes,https://healthify.nz/health-a-z/d/dementia-behaviour-changes,D
Dementia – driving,https://healthify.nz/health-a-z/d/dementia-driving,D
Dementia – for carers,https://healthify.nz/health-a-z/d/dementia-for-carers,D
Dementia – reducing your risk,https://healthify.nz/health-a-z/d/dementia-reducing-your-risk,D
Dementia topics,https://healthify.nz/health-a-z/d/dementia-topics,D
Dengue fever,https://healthify.nz/health-a-z/d/dengue-fever,D
Dental trauma,https://healthify.nz/health-a-z/d/dental-trauma,D
Depression topics,https://healthify.nz/health-a-z/d/depression,D
Depression – children and teenagers,https://healthify.nz/health-a-z/d/depression-children-and-teenagers,D
Depression – for young people,https://healthify.nz/health-a-z/d/depression-for-young-people,D
Depression – later life,https://healthify.nz/health-a-z/d/depression-later-life,D
Depression – living well with,https://healthify.nz/health-a-z/d/depression-living-well-with,D
Depression overview,https://healthify.nz/health-a-z/d/depression-overview,D
Depression – perinatal,https://healthify.nz/health-a-z/d/depression-perinatal,D
Depression – personal story videos,https://healthify.nz/health-a-z/d/depression-personal-story-videos,D
Depression – severe,https://healthify.nz/health-a-z/d/depression-severe,D
Dermatitis,https://healthify.nz/health-a-z/d/dermatitis,D
DEXA scan,https://healthify.nz/health-a-z/d/dexa-scan,D
Diabetes topics,https://healthify.nz/health-a-z/d/diabetes,D
Diabetes – alcohol,https://healthify.nz/health-a-z/d/diabetes-alcohol,D
Diabetes and travel,https://healthify.nz/health-a-z/d/diabetes-and-travel,D
Diabetes – blood glucose testing for type 1 diabetes,https://healthify.nz/health-a-z/d/diabetes-blood-glucose-testing-for-type-1-diabetes,D
Diabetes – topics about complications,https://healthify.nz/health-a-z/d/diabetes-complications,D
Diabetes – driving,https://healthify.nz/health-a-z/d/diabetes-driving,D
Diabetes – eye problems,https://healthify.nz/health-a-z/d/diabetes-eye-problems,D
Diabetes – FAQs about the change in diagnosis,https://healthify.nz/health-a-z/d/diabetes-faqs-diagnosis-changes,D
Diabetes – foot care,https://healthify.nz/health-a-z/d/diabetes-foot-care,D
Diabetes – foot ulcer,https://healthify.nz/health-a-z/d/diabetes-foot-ulcer,D
Diabetes – gestational,https://healthify.nz/health-a-z/d/diabetes-gestational,D
Diabetes – home blood glucose testing for type 2 diabetes,https://healthify.nz/health-a-z/d/diabetes-home-blood-glucose-testing-for-type-2-diabetes,D
Diabetes in pregnancy,https://healthify.nz/health-a-z/d/diabetes-in-pregnancy,D
Diabetes – management topics,https://healthify.nz/health-a-z/d/diabetes-management,D
Diabetes management devices,https://healthify.nz/health-a-z/d/diabetes-management-devices,D
Diabetes – nerve damage,https://healthify.nz/health-a-z/d/diabetes-nerve-damage,D
Diabetes overview,https://healthify.nz/health-a-z/d/diabetes-overview,D
Diabetes – (pre-existing) and pregnancy,https://healthify.nz/health-a-z/d/diabetes-pre-existing-and-pregnancy,D
Diabetes – prediabetes,https://healthify.nz/health-a-z/d/diabetes-prediabetes,D
Diabetes – Ramadan,https://healthify.nz/health-a-z/d/diabetes-ramadan,D
Diabetes – screening and diagnosis,https://healthify.nz/health-a-z/d/diabetes-screening-and-diagnosis,D
Diabetes – self-care topics,https://healthify.nz/health-a-z/d/diabetes-self-care,D
Diabetes self-management,https://healthify.nz/health-a-z/d/diabetes-self-management,D
Diabetes – smoking,https://healthify.nz/health-a-z/d/diabetes-smoking,D
Diabetes – topics about tests,https://healthify.nz/health-a-z/d/diabetes-tests,D
Diabetes – type 1 topics,https://healthify.nz/health-a-z/d/diabetes-type-1,D
Diabetes – type 1 overview,https://healthify.nz/health-a-z/d/diabetes-type-1-overview,D
Diabetes – type 1 sick day plan,https://healthify.nz/health-a-z/d/diabetes-type-1-sick-day-plan,D
Diabetes – type 2 topics,https://healthify.nz/health-a-z/d/diabetes-type-2,D
Diabetes – type 2 food and exercise,https://healthify.nz/health-a-z/d/diabetes-type-2-food-and-exercise,D
Diabetes – type 2 overview,https://healthify.nz/health-a-z/d/diabetes-type-2-overview,D
Diabetes – type 2 sick day plan,https://healthify.nz/health-a-z/d/diabetes-type-2-sick-day-plan,D
Diabetic ketoacidosis (high blood ketones),https://healthify.nz/health-a-z/d/diabetic-ketoacidosis-high-blood-ketones,D
Diabetic nephropathy,https://healthify.nz/health-a-z/d/diabetic-nephropathy,D
Diabetic retinopathy,https://healthify.nz/health-a-z/d/diabetic-retinopathy,D
Dialysis,https://healthify.nz/health-a-z/d/dialysis,D
Diaphragms and caps,https://healthify.nz/health-a-z/d/diaphragms-and-caps,D
Diarrhoea,https://healthify.nz/health-a-z/d/diarrhoea,D
Differences in sex development,https://healthify.nz/health-a-z/d/differences-in-sex-development,D
Dilatation and curettage,https://healthify.nz/health-a-z/d/dilatation-and-curettage,D
Diphtheria,https://healthify.nz/health-a-z/d/diphtheria,D
Discoid eczema,https://healthify.nz/health-a-z/d/discoid-eczema,D
Diverticular disease and diverticulitis,https://healthify.nz/health-a-z/d/diverticular-disease-and-diverticulitis,D
Down syndrome in children,https://healthify.nz/health-a-z/d/down-syndrome,D
Driving and road safety topics,https://healthify.nz/health-a-z/d/driving-and-road-safety,D
Dry eye,https://healthify.nz/health-a-z/d/dry-eye,D
Dry mouth,https://healthify.nz/health-a-z/d/dry-mouth,D
Dry skin,https://healthify.nz/health-a-z/d/dry-skin,D
Dual blood glucose and ketone test meters,https://healthify.nz/health-a-z/d/dual-blood-glucose-and-ketone-test-meters,D
Dupuytren's contracture,https://healthify.nz/health-a-z/d/dupuytren-contracture,D
Dysmenorrhoea,https://healthify.nz/health-a-z/d/dysmenorrhoea,D
Dysphagia,https://healthify.nz/health-a-z/d/dysphagia,D
Dyspnoea,https://healthify.nz/health-a-z/d/dyspnoea,D
Ear care and condition topics,https://healthify.nz/health-a-z/e/ear-care-and-conditions,E
Ear discharge,https://healthify.nz/health-a-z/e/ear-discharge,E
Ear examination,https://healthify.nz/health-a-z/e/ear-examination,E
Ear infection (middle ear),https://healthify.nz/health-a-z/e/ear-infection-middle-ear,E
Ear infection (outer ear),https://healthify.nz/health-a-z/e/ear-infection-outer-ear,E
Ear infection (middle ear) – adults,https://healthify.nz/health-a-z/e/ear-infections-adults,E
Earache,https://healthify.nz/health-a-z/e/earache,E
Earwax build-up and removal,https://healthify.nz/health-a-z/e/earwax-build-up-and-removal,E
Eating disorders,https://healthify.nz/health-a-z/e/eating-disorders,E
Ebola,https://healthify.nz/health-a-z/e/ebola,E
ECG,https://healthify.nz/health-a-z/e/ecg,E
Echo,https://healthify.nz/health-a-z/e/echo,E
Echocardiogram,https://healthify.nz/health-a-z/e/echocardiogram,E
Ectopic pregnancy,https://healthify.nz/health-a-z/e/ectopic-pregnancy,E
Ectropion,https://healthify.nz/health-a-z/e/ectropion,E
Eczema,https://healthify.nz/health-a-z/e/eczema,E
Eczema – children,https://healthify.nz/health-a-z/e/eczema-children,E
Eczema topics,https://healthify.nz/health-a-z/e/eczema-topics,E
Ehlers-Danlos syndrome (EDS),https://healthify.nz/health-a-z/e/ehlers-danlos-syndrome,E
Elbow dislocation,https://healthify.nz/health-a-z/e/elbow-dislocation,E
Elder abuse,https://healthify.nz/health-a-z/e/elder-abuse-hcps,E
Electrocardiogram,https://healthify.nz/health-a-z/e/electrocardiogram,E
Electrocardiograph (ECG),https://healthify.nz/health-a-z/e/electrocardiograph-ecg,E
Emergency contraception,https://healthify.nz/health-a-z/e/emergency-contraception,E
Emphysema,https://healthify.nz/health-a-z/e/emphysema,E
Endocarditis,https://healthify.nz/health-a-z/e/endocarditis,E
Endometrial cancer,https://healthify.nz/health-a-z/e/endometrial-cancer,E
Endometriosis,https://healthify.nz/health-a-z/e/endometriosis,E
Endoscopy,https://healthify.nz/health-a-z/e/endoscopy,E
Entropion,https://healthify.nz/health-a-z/e/entropion,E
Eosinophilic oesophagitis in children,https://healthify.nz/health-a-z/e/eosinophilic-oesophagitis-in-children,E
Epidermal cyst,https://healthify.nz/health-a-z/e/epidermal-cyst,E
Epidermoid cyst,https://healthify.nz/health-a-z/e/epidermoid-cyst,E
Epididymo-orchitis,https://healthify.nz/health-a-z/e/epididymo-orchitis,E
Epilepsy,https://healthify.nz/health-a-z/e/epilepsy,E
Epilepsy and contraception,https://healthify.nz/health-a-z/e/epilepsy-and-contraception,E
Epilepsy and driving,https://healthify.nz/health-a-z/e/epilepsy-and-driving,E
Epilepsy and pregnancy,https://healthify.nz/health-a-z/e/epilepsy-and-pregnancy,E
Epilepsy and pregnancy topics,https://healthify.nz/health-a-z/e/epilepsy-and-pregnancy-topics,E
Epilepsy first aid,https://healthify.nz/health-a-z/e/epilepsy-first-aid,E
Epilepsy – living well with,https://healthify.nz/health-a-z/e/epilepsy-living-well-with,E
Epilepsy topics,https://healthify.nz/health-a-z/e/epilepsy-topics,E
Epstein-Barr virus (EBV),https://healthify.nz/health-a-z/e/epstein-barr-virus,E
Erectile dysfunction,https://healthify.nz/health-a-z/e/erectile-dysfunction,E
Erythema infectiosum,https://healthify.nz/health-a-z/e/erythema-infectiosum,E
ESBL,https://healthify.nz/health-a-z/e/esbl,E
Essential tremor,https://healthify.nz/health-a-z/e/essential-tremor,E
Extended-spectrum beta lactamases (ESBL),https://healthify.nz/health-a-z/e/extended-spectrum-beta-lactamases,E
Eye – bleeding in white of,https://healthify.nz/health-a-z/e/eye-bleeding-in-white-of,E
Eye care and treatment topics,https://healthify.nz/health-a-z/e/eye-care-and-treatment,E
Eye checks – children,https://healthify.nz/health-a-z/e/eye-checks-children,E
Eye condition topics,https://healthify.nz/health-a-z/e/eye-conditions,E
Eye examination,https://healthify.nz/health-a-z/e/eye-examination,E
Eye injuries,https://healthify.nz/health-a-z/e/eye-injuries,E
Eye protection in the sun,https://healthify.nz/health-a-z/e/eye-protection-in-the-sun,E
Eyelid surgery,https://healthify.nz/health-a-z/e/eyelid-surgery,E
Eyes and ageing,https://healthify.nz/health-a-z/e/eyes-and-ageing,E
Facial herpes simplex,https://healthify.nz/health-a-z/f/facial-herpes-simplex,F
Fainting,https://healthify.nz/health-a-z/f/fainting,F
Falls and falls prevention,https://healthify.nz/health-a-z/f/falls-and-falls-prevention,F
Family violence and abuse topics,https://healthify.nz/health-a-z/f/family-violence-and-abuse-topics,F
Family violence overview,https://healthify.nz/health-a-z/f/family-violence-overview,F
Fatigue,https://healthify.nz/health-a-z/f/fatigue,F
Fats & oils,https://healthify.nz/health-a-z/f/fats-and-oils,F
Fatty liver disease,https://healthify.nz/health-a-z/f/fatty-liver-disease,F
Febrile seizures,https://healthify.nz/health-a-z/f/febrile-seizures,F
Ferritin test,https://healthify.nz/health-a-z/f/ferritin-test,F
Fertility awareness,https://healthify.nz/health-a-z/f/fertility-awareness,F
Fetal alcohol spectrum disorder (FASD),https://healthify.nz/health-a-z/f/fetal-alcohol-spectrum-disorder-fasd,F
Foetal anticonvulsant syndrome prevention,https://healthify.nz/health-a-z/f/fetal-anticonvulsant-syndrome-prevention,F
Fever – adults,https://healthify.nz/health-a-z/f/fever-adults,F
Fever – children,https://healthify.nz/health-a-z/f/fever-children,F
Fever topics,https://healthify.nz/health-a-z/f/fever-topics,F
Fibroids,https://healthify.nz/health-a-z/f/fibroids,F
Fibromyalgia,https://healthify.nz/health-a-z/f/fibromyalgia,F
Fifth disease,https://healthify.nz/health-a-z/f/fifth-disease,F
First aid topics,https://healthify.nz/health-a-z/f/first-aid-topics,F
Flu,https://healthify.nz/health-a-z/f/flu,F
Fluoroscopy,https://healthify.nz/health-a-z/f/fluoroscopy,F
Foetal anticonvulsant syndrome,https://healthify.nz/health-a-z/f/foetal-anticonvulsant-syndrome,F
Folliculitis,https://healthify.nz/health-a-z/f/folliculitis,F
Food allergies,https://healthify.nz/health-a-z/f/food-allergies,F
Food allergies – travel,https://healthify.nz/health-a-z/f/food-allergies-travel,F
Food allergy or intolerance?,https://healthify.nz/health-a-z/f/food-allergy-or-intolerance,F
Food allergy topics,https://healthify.nz/health-a-z/f/food-allergy-topics,F
Foot odour,https://healthify.nz/health-a-z/f/foot-odour,F
Forgetfulness,https://healthify.nz/health-a-z/f/forgetfulness,F
Forgetfulness – tips for managing memory loss,https://healthify.nz/health-a-z/f/forgetfulness-tips-for-managing-memory-loss,F
Fracture risk assessment,https://healthify.nz/health-a-z/f/fracture-risk-assessment,F
Fractures,https://healthify.nz/health-a-z/f/fractures,F
Fractures – recovery tips,https://healthify.nz/health-a-z/f/fractures-recovery-tips,F
Frailty,https://healthify.nz/health-a-z/f/frailty,F
FRAX tool,https://healthify.nz/health-a-z/f/frax-tool,F
Full blood count (FBC) – basics,https://healthify.nz/health-a-z/f/full-blood-count-fbc-basics,F
Full blood count (FBC) – in-depth information,https://healthify.nz/health-a-z/f/full-blood-count-fbc-in-depth-information,F
Functional neurological disorder (FND),https://healthify.nz/health-a-z/f/functional-neurological-disorder-fnd,F
Fungal nail infections,https://healthify.nz/health-a-z/f/fungal-nail-infections,F
Gallbladder surgery,https://healthify.nz/health-a-z/g/gallbladder-surgery,G
Gallstones,https://healthify.nz/health-a-z/g/gallstones,G
Gambling,https://healthify.nz/health-a-z/g/gambling,G
Gambling harm topics,https://healthify.nz/health-a-z/g/gambling-harm-topics,G
Ganglion,https://healthify.nz/health-a-z/g/ganglion,G
Garvan fracture risk calculator,https://healthify.nz/health-a-z/g/garvan,G
Gastro-oesophageal reflux,https://healthify.nz/health-a-z/g/gastro-oesophageal-reflux,G
Gastroenteritis,https://healthify.nz/health-a-z/g/gastroenteritis,G
Gastroenteritis in children,https://healthify.nz/health-a-z/g/gastroenteritis-in-children,G
Gastrointestinal topics,https://healthify.nz/health-a-z/g/gastrointestinal-topics,G
Gastroscopy,https://healthify.nz/health-a-z/g/gastroscopy,G
Gender diversity,https://healthify.nz/health-a-z/g/gender-diversity,G
Gender diversity topics,https://healthify.nz/health-a-z/g/gender-diversity-topics,G
Gender incongruence and gender dysphoria,https://healthify.nz/health-a-z/g/gender-incongruence-and-dysphoria,G
Gender terminology,https://healthify.nz/health-a-z/g/gender-terminology,G
Genital herpes,https://healthify.nz/health-a-z/g/genital-herpes,G
Genital warts,https://healthify.nz/health-a-z/g/genital-warts,G
Genitourinary syndrome of menopause,https://healthify.nz/health-a-z/g/genitourinary-syndrome-of-menopause,G
GERD,https://healthify.nz/health-a-z/g/gerd,G
Gestational diabetes,https://healthify.nz/health-a-z/g/gestational-diabetes,G
Giant cell arteritis (GCA),https://healthify.nz/health-a-z/g/giant-cell-arteritis-gca,G
Giardia,https://healthify.nz/health-a-z/g/giardia,G
Gilbert's syndrome,https://healthify.nz/health-a-z/g/gilberts-syndrome,G
Gingivitis,https://healthify.nz/health-a-z/g/gingivitis,G
Glandular fever,https://healthify.nz/health-a-z/g/glandular-fever,G
Glasses – infants & children,https://healthify.nz/health-a-z/g/glasses-infants-children,G
Glaucoma,https://healthify.nz/health-a-z/g/glaucoma,G
Glue ear,https://healthify.nz/health-a-z/g/glue-ear,G
Gluten intolerance or sensitivity,https://healthify.nz/health-a-z/g/gluten-intolerance-or-sensitivity,G
Goitre,https://healthify.nz/health-a-z/g/goitre,G
Gonorrhoea,https://healthify.nz/health-a-z/g/gonorrhoea,G
GORD,https://healthify.nz/health-a-z/g/gord,G
Gout,https://healthify.nz/health-a-z/g/gout,G
Gout topics,https://healthify.nz/health-a-z/g/gout-topics,G
"Gout videos, booklets and factsheets",https://healthify.nz/health-a-z/g/gout-videos-and-factsheets,G
Graves' disease,https://healthify.nz/health-a-z/g/graves-disease,G
Grief and loss,https://healthify.nz/health-a-z/g/grief-loss,G
Grommets,https://healthify.nz/health-a-z/g/grommets,G
Guillain-Barre syndrome,https://healthify.nz/health-a-z/g/guillain-barre-syndrome,G
Gum conditions and care,https://healthify.nz/health-a-z/g/gum-conditions-and-care,G
Gum disease,https://healthify.nz/health-a-z/g/gum-disease,G
Hospital – being admitted,https://healthify.nz/health-a-z/h/being-admitted-into-hospital,H
Hives – chronic,https://healthify.nz/health-a-z/h/chronic-hives,H
Haematuria,https://healthify.nz/health-a-z/h/haematuria,H
Haemochromatosis,https://healthify.nz/health-a-z/h/haemochromatosis,H
Haemophilia,https://healthify.nz/health-a-z/h/haemophilia,H
Haemophilus influenzae,https://healthify.nz/health-a-z/h/haemophilus-influenzae,H
Haemorrhoids,https://healthify.nz/health-a-z/h/haemorrhoids,H
Hair loss – normal or hereditary,https://healthify.nz/health-a-z/h/hair-loss-normal-or-hereditary,H
Hair loss – temporary or abnormal,https://healthify.nz/health-a-z/h/hair-loss-temporary-or-abnormal,H
Halitosis,https://healthify.nz/health-a-z/h/halitosis,H
Hand and wrist conditions,https://healthify.nz/health-a-z/h/hand-and-wrist-conditions,H
"Hand, foot and mouth disease",https://healthify.nz/health-a-z/h/hand-foot-and-mouth-disease,H
Hangovers,https://healthify.nz/health-a-z/h/hangovers,H
Hantavirus,https://healthify.nz/health-a-z/h/hantavirus,H
Hay fever,https://healthify.nz/health-a-z/h/hay-fever,H
HbA1c test – monitoring type 2 diabetes,https://healthify.nz/health-a-z/h/hba1c-test-monitoring-type-2-diabetes,H
HbA1c test – diagnosing diabetes and prediabetes,https://healthify.nz/health-a-z/h/hba1c-testing,H
Head and brain injury topics,https://healthify.nz/health-a-z/h/head-and-brain-injuries,H
Head injury,https://healthify.nz/health-a-z/h/head-injury,H
Head lice,https://healthify.nz/health-a-z/h/head-lice,H
Headache,https://healthify.nz/health-a-z/h/headache,H
Headache topics,https://healthify.nz/health-a-z/h/headache-topics,H
Health anxiety,https://healthify.nz/health-a-z/h/health-anxiety,H
Healthcare-associated infection,https://healthify.nz/health-a-z/h/healthcare-associated-infection,H
Healthy heart visual food guide,https://healthify.nz/health-a-z/h/healthy-heart-visual-food-guide,H
Hearing loss in adults,https://healthify.nz/health-a-z/h/hearing-loss-in-adults,H
Hearing loss in babies and children,https://healthify.nz/health-a-z/h/hearing-loss-in-babies-and-children,H
Hearing loss topics,https://healthify.nz/health-a-z/h/hearing-loss-topics,H
Hearing tests – adults,https://healthify.nz/health-a-z/h/hearing-tests-adults,H
Hearing tests – babies,https://healthify.nz/health-a-z/h/hearing-tests-babies,H
Heart attack,https://healthify.nz/health-a-z/h/heart-attack,H
Heart attack or cardiac arrest?,https://healthify.nz/health-a-z/h/heart-attack-or-cardiac-arrest,H
Heart attack symptoms – women's,https://healthify.nz/health-a-z/h/heart-attack-symptoms-womens,H
Heart check,https://healthify.nz/health-a-z/h/heart-check,H
Heart disease,https://healthify.nz/health-a-z/h/heart-disease,H
Heart disease risk topics,https://healthify.nz/health-a-z/h/heart-disease-risk,H
Heart disease – risk factors,https://healthify.nz/health-a-z/h/heart-disease-risk-factors,H
Heart disease tests,https://healthify.nz/health-a-z/h/heart-disease-tests,H
Heart disease topics,https://healthify.nz/health-a-z/h/heart-disease-topics,H
Heart disease – women,https://healthify.nz/health-a-z/h/heart-disease-women,H
Heart failure,https://healthify.nz/health-a-z/h/heart-failure,H
Heart failure – advanced,https://healthify.nz/health-a-z/h/heart-failure-advanced,H
Heart failure topics,https://healthify.nz/health-a-z/h/heart-failure-topics,H
Heart failure videos,https://healthify.nz/health-a-z/h/heart-failure-videos,H
Heart health and physical activity,https://healthify.nz/health-a-z/h/heart-health-and-physical-activity,H
Heart – how it works,https://healthify.nz/health-a-z/h/heart-how-it-works,H
Heart murmurs in adults,https://healthify.nz/health-a-z/h/heart-murmurs-in-adults,H
Heart risk assessment,https://healthify.nz/health-a-z/h/heart-risk-assessment,H
Heart topics,https://healthify.nz/health-a-z/h/heart-topics,H
Heart valve disease,https://healthify.nz/health-a-z/h/heart-valve-disease,H
Heartburn,https://healthify.nz/health-a-z/h/heartburn,H
Heat stroke and heat exhaustion,https://healthify.nz/health-a-z/h/heat-stroke-and-heat-exhaustion,H
Heavy periods for young people,https://healthify.nz/health-a-z/h/heavy-periods-young-people,H
Helicobacter pylori,https://healthify.nz/health-a-z/h/helicobacter-pylori,H
Hepatitis topics,https://healthify.nz/health-a-z/h/hepatitis,H
Hepatitis A,https://healthify.nz/health-a-z/h/hepatitis-a,H
Hepatitis B,https://healthify.nz/health-a-z/h/hepatitis-b,H
Hepatitis B and pregnancy,https://healthify.nz/health-a-z/h/hepatitis-b-and-pregnancy,H
Hepatitis B – chronic,https://healthify.nz/health-a-z/h/hepatitis-b-chronic,H
Hepatitis C,https://healthify.nz/health-a-z/h/hepatitis-c,H
Herd immunity,https://healthify.nz/health-a-z/h/herd-immunity,H
Hereditary angioedema HAE,https://healthify.nz/health-a-z/h/hereditary-angioedema-hae,H
Hernia (abdominal),https://healthify.nz/health-a-z/h/hernia-abdominal,H
Hernia (hiatus),https://healthify.nz/health-a-z/h/hernia-hiatus,H
Herpes labialis,https://healthify.nz/health-a-z/h/herpes-labialis,H
Herpes simplex virus,https://healthify.nz/health-a-z/h/herpes-simplex-virus,H
Hib disease,https://healthify.nz/health-a-z/h/hib-disease,H
Hiccups,https://healthify.nz/health-a-z/h/hiccups,H
High blood pressure,https://healthify.nz/health-a-z/h/high-blood-pressure,H
High blood pressure in pregnancy,https://healthify.nz/health-a-z/h/high-blood-pressure-in-pregnancy,H
High iron levels,https://healthify.nz/health-a-z/h/high-iron-levels,H
Hip dysplasia in babies,https://healthify.nz/health-a-z/h/hip-dysplasia-in-babies,H
Hip fracture,https://healthify.nz/health-a-z/h/hip-fracture,H
Hip replacement,https://healthify.nz/health-a-z/h/hip-replacement,H
Hip surgery – alternatives,https://healthify.nz/health-a-z/h/hip-surgery-alternatives,H
HIV and AIDS,https://healthify.nz/health-a-z/h/hiv-aids,H
HIV and AIDS topics,https://healthify.nz/health-a-z/h/hiv-and-aids-topics,H
"HIV, pregnancy and breastfeeding",https://healthify.nz/health-a-z/h/hiv-pregnancy-and-breastfeeding,H
HIV testing,https://healthify.nz/health-a-z/h/hiv-testing,H
Hives – acute,https://healthify.nz/health-a-z/h/hives,H
Hoarding disorder,https://healthify.nz/health-a-z/h/hoarding-disorder,H
Home oxygen therapy,https://healthify.nz/health-a-z/h/home-oxygen-therapy,H
Hospital care topics,https://healthify.nz/health-a-z/h/hospital-care,H
Hospital – discharge,https://healthify.nz/health-a-z/h/hospital-discharge,H
Hospital – preparing for,https://healthify.nz/health-a-z/h/hospital-preparing-for,H
Hospital – preparing your child,https://healthify.nz/health-a-z/h/hospital-preparing-your-child,H
HPV,https://healthify.nz/health-a-z/h/hpv,H
HPV screening,https://healthify.nz/health-a-z/h/hpv-screening,H
Human papillomavirus,https://healthify.nz/health-a-z/h/human-papillomavirus,H
Hymens and virginity,https://healthify.nz/health-a-z/h/hymens-and-virginity,H
Hypercalcaemia,https://healthify.nz/health-a-z/h/hypercalcaemia,H
Hypercholesterolaemia,https://healthify.nz/health-a-z/h/hypercholesterolaemia,H
Hyperemesis gravidarum,https://healthify.nz/health-a-z/h/hyperemesis-gravidarum,H
Hyperglycaemia,https://healthify.nz/health-a-z/h/hyperglycaemia,H
Hyperparathyroidism,https://healthify.nz/health-a-z/h/hyperparathyroidism,H
Hypertension,https://healthify.nz/health-a-z/h/hypertension,H
Hypertension in pregnancy,https://healthify.nz/health-a-z/h/hypertension-in-pregnancy,H
Hypertension in pregnancy for healthcare providers,https://healthify.nz/health-a-z/h/hypertension-pregnancy-hcps,H
Hyperthyroidism,https://healthify.nz/health-a-z/h/hyperthyroidism,H
Hypoglycaemia,https://healthify.nz/health-a-z/h/hypoglycaemia,H
Hypothyroidism,https://healthify.nz/health-a-z/h/hypothyroidism,H
Hysterectomy,https://healthify.nz/health-a-z/h/hysterectomy,H
High blood pressure (pre-existing) in pregnancy,https://healthify.nz/health-a-z/h/pre-existing-hypertension,H
Immunisation – pregnancy,https://healthify.nz/health-a-z/i/Immunisation-pregnancy,I
IBD,https://healthify.nz/health-a-z/i/ibd,I
IBS,https://healthify.nz/health-a-z/i/ibs,I
Idiopathic pulmonary fibrosis,https://healthify.nz/health-a-z/i/idiopathic-pulmonary-fibrosis,I
Illegal drugs,https://healthify.nz/health-a-z/i/illegal-drugs,I
Immunisation – adults,https://healthify.nz/health-a-z/i/immunisation-adults,I
Immunisation and vaccine topics,https://healthify.nz/health-a-z/i/immunisation-and-vaccine-topics,I
Immunisation – without a spleen,https://healthify.nz/health-a-z/i/immunisation-asplenia,I
Immunisation – older children and teenagers,https://healthify.nz/health-a-z/i/immunisation-older-children-and-teenagers,I
Immunisation – children,https://healthify.nz/health-a-z/i/immunisation-tamariki,I
Immunisation – who gives vaccinations and where can I find them?,https://healthify.nz/health-a-z/i/immunisation-who-can-give-vaccinations-and-where-can-i-find-them,I
Immunisation – why is it important?,https://healthify.nz/health-a-z/i/immunisation-why-is-it-important,I
Immunisations and infectious illnesses in children topics,https://healthify.nz/health-a-z/i/immunisations-infections-in-children,I
Impaired fasting glucose,https://healthify.nz/health-a-z/i/impaired-fasting-glucose,I
Impaired glucose tolerance,https://healthify.nz/health-a-z/i/impaired-glucose-tolerance,I
Impetigo,https://healthify.nz/health-a-z/i/impetigo,I
Impotence,https://healthify.nz/health-a-z/i/impotence,I
Incontinence,https://healthify.nz/health-a-z/i/incontinence,I
Indigestion,https://healthify.nz/health-a-z/i/indigestion,I
Infant colic,https://healthify.nz/health-a-z/i/infant-colic,I
Infectious disease topics,https://healthify.nz/health-a-z/i/infectious-diseases,I
Infectious mononucleosis,https://healthify.nz/health-a-z/i/infectious-mononucleosis,I
Infective endocarditis,https://healthify.nz/health-a-z/i/infective-endocarditis,I
Infertility,https://healthify.nz/health-a-z/i/infertility,I
Inflammatory arthritis,https://healthify.nz/health-a-z/i/inflammatory-arthritis,I
Inflammatory bowel disease,https://healthify.nz/health-a-z/i/inflammatory-bowel-disease,I
Influenza,https://healthify.nz/health-a-z/i/influenza,I
Influenza (flu) topics,https://healthify.nz/health-a-z/i/influenza-flu-topics,I
Informed consent,https://healthify.nz/health-a-z/i/informed-consent,I
Ingrown toenail,https://healthify.nz/health-a-z/i/ingrown-toenail,I
INR test meters,https://healthify.nz/health-a-z/i/inr-test-meters,I
Insect bites and stings,https://healthify.nz/health-a-z/i/insect-bites-and-stings,I
Insomnia,https://healthify.nz/health-a-z/i/insomnia,I
Insulin pumps,https://healthify.nz/health-a-z/i/insulin-pumps,I
Interstitial cystitis,https://healthify.nz/health-a-z/i/interstitial-cystitis,I
Iron and iron deficiency topics,https://healthify.nz/health-a-z/i/iron-and-iron-deficiency-topics,I
Iron deficiency,https://healthify.nz/health-a-z/i/iron-deficiency,I
Iron overload,https://healthify.nz/health-a-z/i/iron-overload,I
Irritable bowel syndrome,https://healthify.nz/health-a-z/i/irritable-bowel-syndrome,I
Ischaemic heart disease,https://healthify.nz/health-a-z/i/ischaemic-heart-disease-ihd,I
Itching,https://healthify.nz/health-a-z/i/itching,I
Itchy anus,https://healthify.nz/health-a-z/i/itchy-anus,I
Itchy ear,https://healthify.nz/health-a-z/i/itchy-ear,I
Juvenile idiopathic arthritis,https://healthify.nz/health-a-z/j/arthritis-children-2,J
Japanese encephalitis,https://healthify.nz/health-a-z/j/japanese-encephalitis,J
Jellyfish stings and bites,https://healthify.nz/health-a-z/j/jellyfish-stings,J
Jet lag,https://healthify.nz/health-a-z/j/jet-lag,J
Jock itch,https://healthify.nz/health-a-z/j/jock-itch,J
Kawasaki disease,https://healthify.nz/health-a-z/k/kawasaki-disease,K
Keratin cyst,https://healthify.nz/health-a-z/k/keratin-cyst,K
Keratoconus,https://healthify.nz/health-a-z/k/keratoconus,K
Keratosis pilaris,https://healthify.nz/health-a-z/k/keratosis-pilaris,K
Kidney disease – chronic,https://healthify.nz/health-a-z/k/kidney-disease,K
Kidney disease – renal failure,https://healthify.nz/health-a-z/k/kidney-disease-renal-failure,K
Kidney function blood tests,https://healthify.nz/health-a-z/k/kidney-function-blood-test-in-depth-information,K
Kidney health topics,https://healthify.nz/health-a-z/k/kidney-health-topics,K
Kidney infection,https://healthify.nz/health-a-z/k/kidney-infection,K
Kidney injury – acute,https://healthify.nz/health-a-z/k/kidney-injury-acute,K
Kidney protection,https://healthify.nz/health-a-z/k/kidney-protection,K
Kidney stones,https://healthify.nz/health-a-z/k/kidney-stones,K
Kidneys – how they work,https://healthify.nz/health-a-z/k/kidneys-how-they-work,K
Knee arthritis,https://healthify.nz/health-a-z/k/knee-arthritis,K
Knee arthroscopy,https://healthify.nz/health-a-z/k/knee-arthroscopy,K
Knee replacement,https://healthify.nz/health-a-z/k/knee-replacement,K
Knee replacement surgery – alternatives,https://healthify.nz/health-a-z/k/knee-replacement-surgery-alternatives,K
Labyrinthitis,https://healthify.nz/health-a-z/l/labyrinthitis,L
Lactose intolerance,https://healthify.nz/health-a-z/l/lactose-intolerance,L
Laryngitis,https://healthify.nz/health-a-z/l/laryngitis,L
Lazy eye,https://healthify.nz/health-a-z/l/lazy-eye,L
Learning difficulties,https://healthify.nz/health-a-z/l/learning-difficulties,L
Leg cramps,https://healthify.nz/health-a-z/l/leg-cramps,L
Legionellosis,https://healthify.nz/health-a-z/l/legionellosis,L
Legionnaires’ disease,https://healthify.nz/health-a-z/l/legionnaires-disease,L
Leptospirosis,https://healthify.nz/health-a-z/l/leptospirosis,L
Leukaemia,https://healthify.nz/health-a-z/l/leukaemia,L
LGBTQI topics,https://healthify.nz/health-a-z/l/lgbtqi-topics,L
Lichen planus,https://healthify.nz/health-a-z/l/lichen-planus,L
Lichen sclerosus,https://healthify.nz/health-a-z/l/lichen-sclerosus,L
Lipoedema,https://healthify.nz/health-a-z/l/lipoedema,L
Lipoma,https://healthify.nz/health-a-z/l/lipoma,L
Liquorice,https://healthify.nz/health-a-z/l/liquorice,L
Listeria,https://healthify.nz/health-a-z/l/listeria,L
Listeria and pregnancy,https://healthify.nz/health-a-z/l/listeria-and-pregnancy,L
Liver cancer – primary,https://healthify.nz/health-a-z/l/liver-cancer-primary,L
Liver cancer – secondary,https://healthify.nz/health-a-z/l/liver-cancer-secondary,L
Liver disease,https://healthify.nz/health-a-z/l/liver-disease,L
Liver function tests (LFT) – basics,https://healthify.nz/health-a-z/l/liver-function-tests-lft-basics,L
Liver function tests (LFTs),https://healthify.nz/health-a-z/l/liver-function-tests-lft-in-depth-information,L
Loneliness and social isolation,https://healthify.nz/health-a-z/l/loneliness,L
Long COVID,https://healthify.nz/health-a-z/l/long-covid,L
Long QT syndrome,https://healthify.nz/health-a-z/l/long-qt-syndrome,L
Low blood glucose,https://healthify.nz/health-a-z/l/low-blood-glucose,L
Low blood pressure,https://healthify.nz/health-a-z/l/low-blood-pressure,L
Low iron levels,https://healthify.nz/health-a-z/l/low-iron-levels,L
Lumbar puncture,https://healthify.nz/health-a-z/l/lumbar-puncture,L
Lung cancer,https://healthify.nz/health-a-z/l/lung-cancer,L
Lupus,https://healthify.nz/health-a-z/l/lupus,L
Lymphoedema,https://healthify.nz/health-a-z/l/lymphoedema,L
Lymphoma,https://healthify.nz/health-a-z/l/lymphoma,L
Menses,https://healthify.nz/health-a-z/m/Menses,M
Macular degeneration,https://healthify.nz/health-a-z/m/macular-degeneration,M
Macular holes,https://healthify.nz/health-a-z/m/macular-holes,M
Malignant spinal cord compression,https://healthify.nz/health-a-z/m/malignant-spinal-cord-compression,M
Mammogram,https://healthify.nz/health-a-z/m/mammogram,M
Mantoux skin test,https://healthify.nz/health-a-z/m/mantoux-skin-test,M
Maori health,https://healthify.nz/health-a-z/m/maori-health,M
Mastitis,https://healthify.nz/health-a-z/m/mastitis,M
Maternal birth injuries,https://healthify.nz/health-a-z/m/maternal-birth-injuries,M
Measles,https://healthify.nz/health-a-z/m/measles,M
Myalgic encephalomyelitis/chronic fatigue syndrome,https://healthify.nz/health-a-z/m/mecfs,M
Medical tourism,https://healthify.nz/health-a-z/m/medical-tourism,M
Meibomian cyst,https://healthify.nz/health-a-z/m/meibomian-cyst,M
Melanoma,https://healthify.nz/health-a-z/m/melanoma,M
Meniere's disease,https://healthify.nz/health-a-z/m/menieres-disease,M
Meningitis,https://healthify.nz/health-a-z/m/meningitis,M
Meningococcal disease,https://healthify.nz/health-a-z/m/meningococcal-disease,M
"Meningococcal disease, meningitis and septicaemia topics",https://healthify.nz/health-a-z/m/meningococcal-disease-meningitis-septicaemia,M
Meniscal tears,https://healthify.nz/health-a-z/m/meniscal-tears,M
Menorrhagia,https://healthify.nz/health-a-z/m/menorrhagia,M
Menstruation,https://healthify.nz/health-a-z/m/menstruation,M
Mental health conditions,https://healthify.nz/health-a-z/m/mental-health-conditions,M
Mercury and health,https://healthify.nz/health-a-z/m/mercury-and-health,M
Mesothelioma,https://healthify.nz/health-a-z/m/mesothelioma,M
Metabolic syndrome,https://healthify.nz/health-a-z/m/metabolic-syndrome,M
Methamphetamine addiction,https://healthify.nz/health-a-z/m/methamphetamine-addiction,M
Methicillin-resistant Staphylococcus aureus (MRSA),https://healthify.nz/health-a-z/m/methicillin-resistant-staphylococcus-aureus-mrsa,M
Migraine disease,https://healthify.nz/health-a-z/m/migraine-severe-headache,M
Migraine topics,https://healthify.nz/health-a-z/m/migraine-topics,M
Mild cognitive impairment,https://healthify.nz/health-a-z/m/mild-cognitive-impairment,M
Milk and dairy allergy or intolerance topics,https://healthify.nz/health-a-z/m/milk-and-dairy-allergy-or-intolerance,M
Miscarriage,https://healthify.nz/health-a-z/m/miscarriage,M
Miscarriage – recurrent,https://healthify.nz/health-a-z/m/miscarriage-recurrent,M
Molluscum contagiosum,https://healthify.nz/health-a-z/m/molluscum-contagiosum-viral-skin-infection,M
Motion sickness,https://healthify.nz/health-a-z/m/motion-sickness,M
Motor neurone disease,https://healthify.nz/health-a-z/m/motor-neurone-disease,M
Mouth ulcers,https://healthify.nz/health-a-z/m/mouth-ulcers,M
Mpox,https://healthify.nz/health-a-z/m/mpox,M
MRI scan,https://healthify.nz/health-a-z/m/mri-scan,M
MRSA,https://healthify.nz/health-a-z/m/mrsa,M
Multiple sclerosis,https://healthify.nz/health-a-z/m/multiple-sclerosis,M
Mumps,https://healthify.nz/health-a-z/m/mumps,M
Muscular dystrophy,https://healthify.nz/health-a-z/m/muscular-dystrophy,M
Myasthenia gravis,https://healthify.nz/health-a-z/m/myasthenia-gravis,M
Myelodysplastic neoplasms,https://healthify.nz/health-a-z/m/myelodysplastic-syndromes,M
Myeloma,https://healthify.nz/health-a-z/m/myeloma,M
Myocarditis,https://healthify.nz/health-a-z/m/myocarditis,M
NIPT testing,https://healthify.nz/health-a-z/n/NIPT-testing,N
Nappy rash,https://healthify.nz/health-a-z/n/nappy-rash,N
Narcolepsy,https://healthify.nz/health-a-z/n/narcolepsy,N
Nasal congestion,https://healthify.nz/health-a-z/n/nasal-congestion,N
Nasal polyps,https://healthify.nz/health-a-z/n/nasal-polyps,N
Nasal swab test,https://healthify.nz/health-a-z/n/nasal-swab-test,N
Nasopharyngeal swab test,https://healthify.nz/health-a-z/n/nasopharyngeal-swab-test,N
Nausea and vomiting – adults,https://healthify.nz/health-a-z/n/nausea-vomiting-adults,N
Nausea and vomiting – pregnancy,https://healthify.nz/health-a-z/n/nausea-vomiting-pregnancy,N
Neck pain,https://healthify.nz/health-a-z/n/neck-pain,N
Neck pain and stiffness exercises,https://healthify.nz/health-a-z/n/neck-pain-and-stiffness-exercises,N
Needlestick injuries,https://healthify.nz/health-a-z/n/needlestick-injuries,N
Nerve pain,https://healthify.nz/health-a-z/n/nerve-pain,N
Neural tube defect topics,https://healthify.nz/health-a-z/n/neural-tube-defects,N
Neutropenia,https://healthify.nz/health-a-z/n/neutropenia,N
Night sweats,https://healthify.nz/health-a-z/n/night-sweats,N
Non-invasive prenatal testing (NIPT),https://healthify.nz/health-a-z/n/non-invasive-prenatal-testing-nipt,N
Norovirus,https://healthify.nz/health-a-z/n/norovirus,N
Nosebleed,https://healthify.nz/health-a-z/n/nosebleed,N
Nuclear medicine,https://healthify.nz/health-a-z/n/nuclear-medicine,N
Older person's health topics,https://healthify.nz/health-a-z/o/ageing-topics,O
Obesity,https://healthify.nz/health-a-z/o/obesity,O
Obsessive compulsive disorder,https://healthify.nz/health-a-z/o/obsessive-compulsive-disorder,O
Obstructive sleep apnoea,https://healthify.nz/health-a-z/o/obstructive-sleep-apnoea,O
Occupational overuse syndrome (OOS),https://healthify.nz/health-a-z/o/occupational-overuse-syndrome-oos,O
Onychomycosis,https://healthify.nz/health-a-z/o/onychomycosis-fungal-nail-infection,O
Oral health,https://healthify.nz/health-a-z/o/oral-health,O
Oral health – taking care of your teeth,https://healthify.nz/health-a-z/o/oral-health-taking-care-of-your-teeth,O
Oral thrush,https://healthify.nz/health-a-z/o/oral-thrush,O
Orthostatic hypotension,https://healthify.nz/health-a-z/o/orthostatic_hypotension,O
Osgood-Schlatter disease,https://healthify.nz/health-a-z/o/osgood-schlatter-disease,O
Osteoarthritis,https://healthify.nz/health-a-z/o/osteoarthritis,O
Osteoarthritis – exercise and eating for health,https://healthify.nz/health-a-z/o/osteoarthritis-exercise-and-eating-for-health,O
Osteoporosis,https://healthify.nz/health-a-z/o/osteoporosis,O
Osteoporosis topics,https://healthify.nz/health-a-z/o/osteoporosis-topics,O
Otitis externa,https://healthify.nz/health-a-z/o/otitis-externa,O
Otitis media,https://healthify.nz/health-a-z/o/otitis-media,O
"Outbreaks, epidemics and pandemics",https://healthify.nz/health-a-z/o/outbreaks-and-epidemics,O
Ovarian cancer,https://healthify.nz/health-a-z/o/ovarian-cancer,O
Ovarian cysts,https://healthify.nz/health-a-z/o/ovarian-cysts,O
Overactive thyroid,https://healthify.nz/health-a-z/o/overactive-thyroid,O
Period,https://healthify.nz/health-a-z/p/Period,P
Pacemaker,https://healthify.nz/health-a-z/p/pacemaker,P
Paget's disease,https://healthify.nz/health-a-z/p/pagets-disease,P
Pain after surgery,https://healthify.nz/health-a-z/p/pain-after-surgery,P
Pain area topics,https://healthify.nz/health-a-z/p/pain-area-topics,P
Pain – describing your pain,https://healthify.nz/health-a-z/p/pain-describing-your-pain,P
Pain – general topics,https://healthify.nz/health-a-z/p/pain-general-topics,P
Pain in children,https://healthify.nz/health-a-z/p/pain-in-children,P
Pain – location,https://healthify.nz/health-a-z/p/pain-location,P
Pain management topics,https://healthify.nz/health-a-z/p/pain-management-topics,P
Pain – non-medicine management,https://healthify.nz/health-a-z/p/pain-non-medication-treatments,P
Pain team,https://healthify.nz/health-a-z/p/pain-team,P
Pain – what is it?,https://healthify.nz/health-a-z/p/pain-what-is-it,P
Palliative care – acute crisis,https://healthify.nz/health-a-z/p/palliative-care-acute-crisis,P
Palliative care – appetite loss,https://healthify.nz/health-a-z/p/palliative-care-appetite-loss,P
Palliative care – bowel obstruction,https://healthify.nz/health-a-z/p/palliative-care-bowel-obstruction,P
Palliative care – breathlessness,https://healthify.nz/health-a-z/p/palliative-care-breathlessness,P
Palliative care – constipation,https://healthify.nz/health-a-z/p/palliative-care-constipation,P
Palliative care – cough,https://healthify.nz/health-a-z/p/palliative-care-cough,P
Palliative care – delirium,https://healthify.nz/health-a-z/p/palliative-care-delirium,P
Palliative care – hiccups,https://healthify.nz/health-a-z/p/palliative-care-hiccups,P
Palliative care in the last few days of life,https://healthify.nz/health-a-z/p/palliative-care-in-the-last-few-days-of-life,P
Palliative care – itching,https://healthify.nz/health-a-z/p/palliative-care-itching,P
Palliative care – nausea and vomiting,https://healthify.nz/health-a-z/p/palliative-care-nausea-and-vomiting,P
Palliative care overview,https://healthify.nz/health-a-z/p/palliative-care-overview,P
Palliative care and planning topics,https://healthify.nz/health-a-z/p/palliative-care-planning,P
Palliative care – planning ahead,https://healthify.nz/health-a-z/p/palliative-care-planning-ahead,P
Palliative care resources,https://healthify.nz/health-a-z/p/palliative-care-resources,P
Palliative care symptom topics,https://healthify.nz/health-a-z/p/palliative-care-symptom-topics,P
Palliative care – talking about dying,https://healthify.nz/health-a-z/p/palliative-care-talking-about-dying,P
Palliative care – weakness and fatigue,https://healthify.nz/health-a-z/p/palliative-care-weakness-and-fatigue,P
Palliative care – common symptoms,https://healthify.nz/health-a-z/p/palliative-common-symptoms,P
Palpitations,https://healthify.nz/health-a-z/p/palpitations,P
Pancreatic cancer,https://healthify.nz/health-a-z/p/pancreatic-cancer,P
Pancreatitis – acute,https://healthify.nz/health-a-z/p/pancreatitis-acute,P
Pancreatitis – chronic,https://healthify.nz/health-a-z/p/pancreatitis-chronic,P
Panic disorder,https://healthify.nz/health-a-z/p/panic-disorder,P
Parasomnias,https://healthify.nz/health-a-z/p/parasomnias,P
Parkinson's,https://healthify.nz/health-a-z/p/parkinsons,P
Parkinson's – exercise,https://healthify.nz/health-a-z/p/parkinsons-exercise,P
Parkinson's – how to live well,https://healthify.nz/health-a-z/p/parkinsons-how-to-live-well,P
Parkinson's topics,https://healthify.nz/health-a-z/p/parkinsons-topics,P
Parvovirus B19,https://healthify.nz/health-a-z/p/parvovirus-b19,P
PCOS,https://healthify.nz/health-a-z/p/pcos,P
PEACE and LOVE and RICER,https://healthify.nz/health-a-z/p/peace-and-love-and-ricer,P
Peak flow meter (asthma),https://healthify.nz/health-a-z/p/peak-flow-meter-asthma,P
Pelvic examination,https://healthify.nz/health-a-z/p/pelvic-examination,P
Pelvic floor disorders,https://healthify.nz/health-a-z/p/pelvic-floor-disorders,P
Pelvic floor training – men,https://healthify.nz/health-a-z/p/pelvic-floor-training-men,P
Pelvic floor training – women,https://healthify.nz/health-a-z/p/pelvic-floor-training-women,P
Pelvic inflammatory disease,https://healthify.nz/health-a-z/p/pelvic-inflammatory-disease,P
Pelvic organ prolapse,https://healthify.nz/health-a-z/p/pelvic-organ-prolapse,P
Peptic ulcer,https://healthify.nz/health-a-z/p/peptic-ulcer,P
Pericarditis,https://healthify.nz/health-a-z/p/pericarditis,P
Period pain,https://healthify.nz/health-a-z/p/period-pain,P
Periodontal disease,https://healthify.nz/health-a-z/p/periodontal-disease,P
Periodontitis,https://healthify.nz/health-a-z/p/periodontitis,P
Periods – heavy bleeding,https://healthify.nz/health-a-z/p/periods-heavy-bleeding,P
Periods – heavy for young people,https://healthify.nz/health-a-z/p/periods-heavy-for-young-people,P
Periods – surgical options for heavy bleeding,https://healthify.nz/health-a-z/p/periods-surgical-options-for-heavy-bleeding,P
Peripheral vascular disease,https://healthify.nz/health-a-z/p/peripheral-vascular-disease,P
Pernicious anaemia,https://healthify.nz/health-a-z/p/pernicious-anaemia,P
Pertussis,https://healthify.nz/health-a-z/p/pertussis,P
PET scan,https://healthify.nz/health-a-z/p/pet-scan,P
Phantom pain,https://healthify.nz/health-a-z/p/phantom-pain,P
Phobia topics,https://healthify.nz/health-a-z/p/phobia-topics,P
Phobias,https://healthify.nz/health-a-z/p/phobias,P
Phobias – living well,https://healthify.nz/health-a-z/p/phobias-living-well,P
Pilonidal disease,https://healthify.nz/health-a-z/p/pilonidal-disease,P
Pityriasis rosea,https://healthify.nz/health-a-z/p/pityriasis-rosea,P
Pityriasis versicolor,https://healthify.nz/health-a-z/p/pityriasis-versicolor,P
Plantar fasciitis,https://healthify.nz/health-a-z/p/plantar-fasciitis,P
Pleurisy,https://healthify.nz/health-a-z/p/pleurisy,P
PMOS,https://healthify.nz/health-a-z/p/pmos,P
PMS,https://healthify.nz/health-a-z/p/pms,P
Pneumococcal disease,https://healthify.nz/health-a-z/p/pneumococcal-disease,P
Pneumonia,https://healthify.nz/health-a-z/p/pneumonia,P
Polio and post-polio syndrome,https://healthify.nz/health-a-z/p/polio-post-polio-syndrome,P
Polycystic ovary syndrome (PCOS),https://healthify.nz/health-a-z/p/polycystic-ovary-syndrome,P
Polyendocrine metabolic ovarian syndrome,https://healthify.nz/health-a-z/p/polyendocrine-metabolic-ovarian-syndrome,P
Polymyalgia rheumatica (PMR),https://healthify.nz/health-a-z/p/polymyalgia-rheumatica-pmr,P
Poor appetite,https://healthify.nz/health-a-z/p/poor-appetite,P
Positron emission tomography (PET) scan and CT scan,https://healthify.nz/health-a-z/p/positron-emission-tomography-pet-scan-and-ct-scan,P
Post-coital bleeding,https://healthify.nz/health-a-z/p/post-coital-bleeding,P
Post-menopausal bleeding,https://healthify.nz/health-a-z/p/post-menopausal-bleeding,P
Post-traumatic stress disorder (PTSD),https://healthify.nz/health-a-z/p/post-traumatic-stress-disorder-ptsd,P
Postherpetic neuralgia,https://healthify.nz/health-a-z/p/postherpetic-neuralgia,P
Postural orthostatic tachycardia syndrome (POTS),https://healthify.nz/health-a-z/p/postural-orthostatic-tachycardia-syndrome-pots,P
Postural hypotension,https://healthify.nz/health-a-z/p/postural_hypotension,P
Prader-Willi syndrome,https://healthify.nz/health-a-z/p/prader-willi-syndrome,P
Pre-eclampsia,https://healthify.nz/health-a-z/p/pre-eclampsia,P
Prediabetes,https://healthify.nz/health-a-z/p/prediabetes,P
Pregnancy blood tests,https://healthify.nz/health-a-z/p/pregnancy-blood-tests,P
Pregnancy blood tests – blood group,https://healthify.nz/health-a-z/p/pregnancy-blood-tests-blood-group,P
Pregnancy blood tests – diabetes screening,https://healthify.nz/health-a-z/p/pregnancy-blood-tests-diabetes-screening,P
Pregnancy blood tests – Down syndrome screening,https://healthify.nz/health-a-z/p/pregnancy-blood-tests-down-syndrome-screening,P
Pregnancy blood tests – screening for infections,https://healthify.nz/health-a-z/p/pregnancy-blood-tests-screening-for-infections,P
Pregnancy health conditions and complications topics,https://healthify.nz/health-a-z/p/pregnancy-health-conditions-and-complications,P
Pregnancy – infection topics,https://healthify.nz/health-a-z/p/pregnancy-infections,P
Pregnancy loss,https://healthify.nz/health-a-z/p/pregnancy-loss,P
Pregnancy – pain and bleeding in early pregnancy,https://healthify.nz/health-a-z/p/pregnancy-pain-and-bleeding-in-early-pregnancy,P
Pregnancy screening tests and checks,https://healthify.nz/health-a-z/p/pregnancy-screening-tests-and-checks,P
Pregnancy screening tests and checks topics,https://healthify.nz/health-a-z/p/pregnancy-screening-tests-and-checks-topics,P
Pregnancy tests – home test kits,https://healthify.nz/health-a-z/p/pregnancy-tests-home-test-kits,P
Premature labour and birth topics,https://healthify.nz/health-a-z/p/premature-labour-and-birth-topics,P
Premenstrual dysphoric disorder,https://healthify.nz/health-a-z/p/premenstrual-dysphoric-disorder,P
Premenstrual syndrome (PMS),https://healthify.nz/health-a-z/p/premenstrual-syndrome-pms,P
Pressure sores,https://healthify.nz/health-a-z/p/pressure-sores,P
Prostate cancer,https://healthify.nz/health-a-z/p/prostate-cancer,P
Prostate cancer testing,https://healthify.nz/health-a-z/p/prostate-cancer-testing,P
Prostate enlargement,https://healthify.nz/health-a-z/p/prostate-enlargement,P
Prostate topics,https://healthify.nz/health-a-z/p/prostate-topics,P
Prostatitis,https://healthify.nz/health-a-z/p/prostatitis,P
Psoriasis,https://healthify.nz/health-a-z/p/psoriasis,P
Psoriatic arthritis,https://healthify.nz/health-a-z/p/psoriatic-arthritis,P
Psychosis,https://healthify.nz/health-a-z/p/psychosis,P
Pterygium,https://healthify.nz/health-a-z/p/pterygium,P
Puberty,https://healthify.nz/health-a-z/p/puberty,P
Pubic lice,https://healthify.nz/health-a-z/p/pubic-lice,P
Pulmonary embolism,https://healthify.nz/health-a-z/p/pulmonary-embolism,P
Pulmonary hypertension,https://healthify.nz/health-a-z/p/pulmonary-hypertension,P
Pulmonary rehabilitation,https://healthify.nz/health-a-z/p/pulmonary-rehabilitation,P
Pulse and heart rate – how to check,https://healthify.nz/health-a-z/p/pulse-and-heart-rate-how-to-check,P
Pulse oximeter – adult,https://healthify.nz/health-a-z/p/pulse-oximeter-adult,P
Pulse oximeter – children,https://healthify.nz/health-a-z/p/pulse-oximeter-children,P
Pyelonephritis,https://healthify.nz/health-a-z/p/pyelonephritis,P
QT interval prolongation,https://healthify.nz/health-a-z/q/QT-interval-prolongation,Q
Quizzes on Healthify,https://healthify.nz/health-a-z/q/quiz,Q
Radiation treatment,https://healthify.nz/health-a-z/r/radiation-treatment,R
Radiation treatment – side effects,https://healthify.nz/health-a-z/r/radiation-treatment-side-effects,R
Radiology topics,https://healthify.nz/health-a-z/r/radiology-topics,R
Raised intracranial pressure,https://healthify.nz/health-a-z/r/raised-intracranial-pressure,R
Rapid antigen tests (RATs),https://healthify.nz/health-a-z/r/rapid-antigen-tests,R
Rare disorders,https://healthify.nz/health-a-z/r/rare-disorders,R
Rash topics,https://healthify.nz/health-a-z/r/rashes,R
Raynaud's syndrome,https://healthify.nz/health-a-z/r/raynauds-syndrome,R
Reactive airways dysfunction syndrome,https://healthify.nz/health-a-z/r/reactive-airways-dysfunction-syndrome,R
Reactive arthritis,https://healthify.nz/health-a-z/r/reactive-arthritis,R
Recovery position,https://healthify.nz/health-a-z/r/recovery-position,R
Red eye,https://healthify.nz/health-a-z/r/red-eye,R
Reflux disease,https://healthify.nz/health-a-z/r/reflux-disease,R
Reflux in babies,https://healthify.nz/health-a-z/r/reflux-infant-child,R
Renal failure,https://healthify.nz/health-a-z/r/renal-failure,R
Respiratory diseases topics,https://healthify.nz/health-a-z/r/respiratory-diseases-topics,R
Respiratory syncytial virus (RSV) infection,https://healthify.nz/health-a-z/r/respiratory-syncytial-virus-rsv-infection,R
Respiratory tract infection topics,https://healthify.nz/health-a-z/r/respiratory-tract-infection-topics,R
Respiratory tract infections,https://healthify.nz/health-a-z/r/respiratory-tract-infections,R
Restless legs syndrome,https://healthify.nz/health-a-z/r/restless-legs-syndrome,R
Retinal detachment,https://healthify.nz/health-a-z/r/retinal-detachment,R
Revlimid®,https://healthify.nz/health-a-z/r/revlimid,R
Rheumatic fever – children,https://healthify.nz/health-a-z/r/rheumatic-fever-children,R
Rheumatoid arthritis,https://healthify.nz/health-a-z/r/rheumatoid-arthritis,R
Rickets,https://healthify.nz/health-a-z/r/rickets,R
Ring pessaries,https://healthify.nz/health-a-z/r/ring-pessaries,R
Ringworm of the body,https://healthify.nz/health-a-z/r/ringworm,R
Rongoā Māori,https://healthify.nz/health-a-z/r/rongoa-maori,R
Rosacea,https://healthify.nz/health-a-z/r/rosacea,R
Roseola,https://healthify.nz/health-a-z/r/roseola,R
Rotavirus,https://healthify.nz/health-a-z/r/rotavirus,R
Rubella (German measles),https://healthify.nz/health-a-z/r/rubella-german-measles,R
Safer sex,https://healthify.nz/health-a-z/s/safer-sex,S
Safer sex and STI topics,https://healthify.nz/health-a-z/s/safer-sex-and-sti-topics,S
Salmonella,https://healthify.nz/health-a-z/s/salmonella,S
Sarcoidosis,https://healthify.nz/health-a-z/s/sarcoidosis,S
Scabies,https://healthify.nz/health-a-z/s/scabies,S
Scalp ringworm,https://healthify.nz/health-a-z/s/scalp-ringworm,S
Scalp tinea,https://healthify.nz/health-a-z/s/scalp-tinea,S
Scarlet fever,https://healthify.nz/health-a-z/s/scarlet-fever,S
Schizophrenia,https://healthify.nz/health-a-z/s/schizophrenia,S
School sores,https://healthify.nz/health-a-z/s/school-sores,S
Sciatica,https://healthify.nz/health-a-z/s/sciatica,S
Scleroderma,https://healthify.nz/health-a-z/s/scleroderma,S
Seasonal affective disorder (SAD),https://healthify.nz/health-a-z/s/seasonal-affective-disorder,S
Seborrhoeic dermatitis,https://healthify.nz/health-a-z/s/seborrhoeic,S
Seborrhoeic keratosis,https://healthify.nz/health-a-z/s/seborrhoeic-keratosis,S
Self-harm,https://healthify.nz/health-a-z/s/self-harm,S
Self-management and self-management support,https://healthify.nz/health-a-z/s/self-management-and-self-management-support,S
Sensory processing disorder,https://healthify.nz/health-a-z/s/sensory-processing-disorder,S
Sepsis,https://healthify.nz/health-a-z/s/sepsis,S
Septicaemia,https://healthify.nz/health-a-z/s/septicaemia,S
Serotonin syndrome and medicines,https://healthify.nz/health-a-z/s/serotonin-syndrome-and-medicines,S
Severe acute respiratory syndrome (SARS),https://healthify.nz/health-a-z/s/severe-acute-respiratory-syndrome-sars,S
Severe vomiting in pregnancy,https://healthify.nz/health-a-z/s/severe-vomiting-in-pregnancy,S
Sex and cancer,https://healthify.nz/health-a-z/s/sex-cancer,S
Sexual assault,https://healthify.nz/health-a-z/s/sexual-assault,S
Sexual harassment,https://healthify.nz/health-a-z/s/sexual-harassment,S
Sexual harm topics,https://healthify.nz/health-a-z/s/sexual-harm-topics,S
Sexual health topics,https://healthify.nz/health-a-z/s/sexual-health-topics,S
Sexually transmitted infections (STIs),https://healthify.nz/health-a-z/s/sexually-transmitted-infections-stis,S
Shigellosis,https://healthify.nz/health-a-z/s/shigellosis,S
Shingles,https://healthify.nz/health-a-z/s/shingles,S
Short stature,https://healthify.nz/health-a-z/s/short-stature,S
Short Synacthen test,https://healthify.nz/health-a-z/s/short-synacthen-test,S
Shortness of breath,https://healthify.nz/health-a-z/s/shortness-of-breath,S
Shoulder pain,https://healthify.nz/health-a-z/s/shoulder-pain,S
Sickle cell anaemia,https://healthify.nz/health-a-z/s/sickle-cell-anaemia,S
Sickle cell disease,https://healthify.nz/health-a-z/s/sickle-cell-disease,S
Silicosis,https://healthify.nz/health-a-z/s/silicosis,S
Sinusitis – acute,https://healthify.nz/health-a-z/s/sinusitis-acute,S
Sinusitis – acute in children,https://healthify.nz/health-a-z/s/sinusitis-acute-in-children,S
Sinusitis – chronic,https://healthify.nz/health-a-z/s/sinusitis-chronic,S
Sjögren’s disease,https://healthify.nz/health-a-z/s/sjogrens-syndrome,S
Skin cancer,https://healthify.nz/health-a-z/s/skin-cancer,S
Skin cancer topics,https://healthify.nz/health-a-z/s/skin-cancer-topics,S
Skin infection topics,https://healthify.nz/health-a-z/s/skin-infection-topics,S
Skin infections in children,https://healthify.nz/health-a-z/s/skin-infections-in-children,S
Skin inflammation topics,https://healthify.nz/health-a-z/s/skin-inflammation-topics,S
Slapped cheek disease,https://healthify.nz/health-a-z/s/slapped-cheek-disease,S
Sleep condition topics,https://healthify.nz/health-a-z/s/sleep-conditions,S
Sleep problems,https://healthify.nz/health-a-z/s/sleep-problems,S
Snoring,https://healthify.nz/health-a-z/s/snoring,S
Snoring or noisy breathing in children,https://healthify.nz/health-a-z/s/snoring-or-noisy-breathing-in-children,S
Snot and sputum,https://healthify.nz/health-a-z/s/snot-and-sputum,S
Social anxiety disorder,https://healthify.nz/health-a-z/s/social-anxiety-disorder,S
Social isolation,https://healthify.nz/health-a-z/s/social-isolation,S
Social phobia,https://healthify.nz/health-a-z/s/social-phobia,S
Soft tissue injury topics,https://healthify.nz/health-a-z/s/soft-tissue-injury-topics,S
Soiling,https://healthify.nz/health-a-z/s/soiling,S
Solar cheilitis,https://healthify.nz/health-a-z/s/solar-cheilitis,S
Solar keratoses,https://healthify.nz/health-a-z/s/solar-keratoses,S
Sore throat – adults,https://healthify.nz/health-a-z/s/sore-throat-adults,S
Sore throat – children,https://healthify.nz/health-a-z/s/sore-throat-children,S
Spina bifida,https://healthify.nz/health-a-z/s/spina-bifida,S
Spinal cord injuries,https://healthify.nz/health-a-z/s/spinal-cord-injuries,S
Spinal injury topics,https://healthify.nz/health-a-z/s/spinal-injuries-topics,S
Spinal stenosis,https://healthify.nz/health-a-z/s/spinal-stenosis,S
Spirometry,https://healthify.nz/health-a-z/s/spirometry,S
Splinters,https://healthify.nz/health-a-z/s/splinters,S
Squamous cell carcinoma (SCC),https://healthify.nz/health-a-z/s/squamous-cell-carcinoma-scc,S
Squints,https://healthify.nz/health-a-z/s/squints,S
Staph infections – recurring,https://healthify.nz/health-a-z/s/staph-infections-recurring,S
Staph skin infections,https://healthify.nz/health-a-z/s/staph-skin-infections,S
Steam inhalation,https://healthify.nz/health-a-z/s/steam-inhalation,S
Stem cell transplant,https://healthify.nz/health-a-z/s/stem-cell-transplant,S
Sterilisation (male),https://healthify.nz/health-a-z/s/sterilisation,S
Stillbirth,https://healthify.nz/health-a-z/s/stillbirth,S
Stomach cancer,https://healthify.nz/health-a-z/s/stomach-cancer,S
Stomach (tummy or puku) pain,https://healthify.nz/health-a-z/s/stomach-pain,S
Strains and sprains,https://healthify.nz/health-a-z/s/strains-and-sprains,S
Strawberry naevus,https://healthify.nz/health-a-z/s/strawberry-naevus,S
Strep throat,https://healthify.nz/health-a-z/s/strep-throat,S
Stress,https://healthify.nz/health-a-z/s/stress,S
Stress at work,https://healthify.nz/health-a-z/s/stress-at-work,S
Stroke,https://healthify.nz/health-a-z/s/stroke,S
Stroke topics,https://healthify.nz/health-a-z/s/stroke-topics,S
Stuttering,https://healthify.nz/health-a-z/s/stuttering,S
Stye,https://healthify.nz/health-a-z/s/stye,S
Subconjunctival haemorrhage,https://healthify.nz/health-a-z/s/subconjunctival-haemorrhage,S
SUDI,https://healthify.nz/health-a-z/s/sudi,S
Suicide prevention,https://healthify.nz/health-a-z/s/suicide-prevention,S
Sunburn,https://healthify.nz/health-a-z/s/sunburn,S
Superficial thrombophlebitis,https://healthify.nz/health-a-z/s/superficial-thrombophlebitis,S
Superior vena cava obstruction,https://healthify.nz/health-a-z/s/superior-vena-cava-obstruction,S
Surgery – preparing for,https://healthify.nz/health-a-z/s/surgery-preparing-for,S
Surgery – recovering well after,https://healthify.nz/health-a-z/s/surgery-recovering-well-after,S
Surgical mesh,https://healthify.nz/health-a-z/s/surgical-mesh,S
Surgical wounds,https://healthify.nz/health-a-z/s/surgical-wounds,S
Sweaty feet,https://healthify.nz/health-a-z/s/sweaty-feet,S
Swimmer's ear,https://healthify.nz/health-a-z/s/swimmers-ear,S
Synacthen test,https://healthify.nz/health-a-z/s/synacthen-test,S
Syncope,https://healthify.nz/health-a-z/s/syncope,S
Syphilis,https://healthify.nz/health-a-z/s/syphilis,S
Tattoos and body piercings,https://healthify.nz/health-a-z/t/tattoos,T
TB,https://healthify.nz/health-a-z/t/tb,T
Teeth – sensitive,https://healthify.nz/health-a-z/t/teeth-sensitive,T
Telehealth topics,https://healthify.nz/health-a-z/t/telehealth,T
Telehealth,https://healthify.nz/health-a-z/t/telehealth-faqs,T
Telemedicine,https://healthify.nz/health-a-z/t/telemedicine,T
Temporomandibular joint (TMJ) disorders,https://healthify.nz/health-a-z/t/temporomandibular-joint-tmj-disorders,T
Tendinitis,https://healthify.nz/health-a-z/t/tendinitis,T
Tennis elbow,https://healthify.nz/health-a-z/t/tennis-elbow,T
Tension headache,https://healthify.nz/health-a-z/t/tension-headache,T
Terminal haemorrhage,https://healthify.nz/health-a-z/t/terminal-haemorrhage,T
Testicle lumps and swelling,https://healthify.nz/health-a-z/t/testicle-lumps-and-swelling,T
Testicular cancer,https://healthify.nz/health-a-z/t/testicular-cancer,T
Testosterone deficiency,https://healthify.nz/health-a-z/t/testosterone-deficiency,T
Tests and procedure topics,https://healthify.nz/health-a-z/t/tests-and-procedures,T
Tests and procedures – digestive system topics,https://healthify.nz/health-a-z/t/tests-and-procedures-digestive-system,T
Tests and procedures – heart conditions topics,https://healthify.nz/health-a-z/t/tests-and-procedures-heart-conditions,T
Tests and procedures topics – women's health,https://healthify.nz/health-a-z/t/tests-and-procedures-womens-health,T
Tetanus,https://healthify.nz/health-a-z/t/tetanus,T
Thalassaemia,https://healthify.nz/health-a-z/t/thalassaemia,T
Theranostics,https://healthify.nz/health-a-z/t/theranostics,T
Thermometers – how to use them,https://healthify.nz/health-a-z/t/thermometers-how-to-use-them,T
Threadworms,https://healthify.nz/health-a-z/t/threadworms,T
Thrombosis topics,https://healthify.nz/health-a-z/t/thrombosis,T
Thrush in men,https://healthify.nz/health-a-z/t/thrush-in-men,T
Thrush – oral,https://healthify.nz/health-a-z/t/thrush-oral,T
Thrush – vaginal,https://healthify.nz/health-a-z/t/thrush-vaginal,T
Thyroid cancer,https://healthify.nz/health-a-z/t/thyroid-cancer,T
Thyroid conditions and tests topics,https://healthify.nz/health-a-z/t/thyroid-conditions-and-tests,T
Thyroid function tests,https://healthify.nz/health-a-z/t/thyroid-function-test-in-depth-information,T
Thyroid nodules,https://healthify.nz/health-a-z/t/thyroid-nodules,T
Thyroiditis,https://healthify.nz/health-a-z/t/thyroiditis,T
TIA,https://healthify.nz/health-a-z/t/tia,T
Tinea skin infection topics,https://healthify.nz/health-a-z/t/tinea-skin-infections,T
Tinnitus,https://healthify.nz/health-a-z/t/tinnitus,T
Tiredness,https://healthify.nz/health-a-z/t/tiredness,T
Tongue tie,https://healthify.nz/health-a-z/t/tongue-tie,T
Tonsillectomy,https://healthify.nz/health-a-z/t/tonsillectomy,T
Tonsillitis,https://healthify.nz/health-a-z/t/tonsillitis,T
Dental care for children,https://healthify.nz/health-a-z/t/tooth-care-for-children,T
Tooth decay,https://healthify.nz/health-a-z/t/tooth-decay,T
Tooth wear,https://healthify.nz/health-a-z/t/tooth-wear,T
Toothache,https://healthify.nz/health-a-z/t/toothache,T
Toxic shock syndrome (TSS),https://healthify.nz/health-a-z/t/toxic-shock-syndrome-tss,T
Toxoplasmosis,https://healthify.nz/health-a-z/t/toxoplasmosis,T
Toxoplasmosis infection in pregnancy,https://healthify.nz/health-a-z/t/toxoplasmosis-infection-in-pregnancy,T
Transient ischaemic attack,https://healthify.nz/health-a-z/t/transient-ischaemic-attack,T
Travel and diabetes,https://healthify.nz/health-a-z/t/travel-and-diabetes,T
Travel health topics,https://healthify.nz/health-a-z/t/travel-health,T
Treatment injury,https://healthify.nz/health-a-z/t/treatment-injury,T
Trichomoniasis,https://healthify.nz/health-a-z/t/trichomoniasis,T
Trigeminal neuralgia,https://healthify.nz/health-a-z/t/trigeminal-neuralgia,T
Trigger finger,https://healthify.nz/health-a-z/t/trigger-finger,T
Triglycerides,https://healthify.nz/health-a-z/t/triglycerides,T
Tubal ligation,https://healthify.nz/health-a-z/t/tubal-ligation,T
Tube feeding topics,https://healthify.nz/health-a-z/t/tube-feeding,T
Tube feeding – gastrostomy tube,https://healthify.nz/health-a-z/t/tube-feeding-gastrostomy-tube,T
Tube feeding – nasogastric or nasojejunal tube,https://healthify.nz/health-a-z/t/tube-feeding-nasogastric-or-nasojejunal-tube,T
Tuberculin skin test,https://healthify.nz/health-a-z/t/tuberculin-skin-test,T
Tuberculosis,https://healthify.nz/health-a-z/t/tuberculosis,T
Tummy bug,https://healthify.nz/health-a-z/t/tummy-bug,T
Typhoid,https://healthify.nz/health-a-z/t/typhoid,T
Ulcerative colitis,https://healthify.nz/health-a-z/u/ulcerative-colitis,U
Ultrasound,https://healthify.nz/health-a-z/u/ultrasound,U
Ultrasound – pregnancy,https://healthify.nz/health-a-z/u/ultrasound-pregnancy,U
Underactive thyroid,https://healthify.nz/health-a-z/u/underactive-thyroid,U
Urethritis,https://healthify.nz/health-a-z/u/urethritis,U
Urinary catheters,https://healthify.nz/health-a-z/u/urinary-catheters,U
Urinary tract infection topics,https://healthify.nz/health-a-z/u/urinary-tract-infection-topics,U
Urinary tract infection (UTI) in children,https://healthify.nz/health-a-z/u/urinary-tract-infection-uti-in-children,U
Urinary tract infection (UTI) in men,https://healthify.nz/health-a-z/u/urinary-tract-infection-uti-in-men,U
Urinary tract infection (UTI) in pregnancy,https://healthify.nz/health-a-z/u/urinary-tract-infection-uti-in-pregnancy,U
Urinary tract infection (UTI) in women,https://healthify.nz/health-a-z/u/urinary-tract-infection-uti-in-women,U
Urinary tract infections – recurring,https://healthify.nz/health-a-z/u/urinary-tract-infections-recurring,U
Urine testing,https://healthify.nz/health-a-z/u/urine-testing,U
Urticaria,https://healthify.nz/health-a-z/u/urticaria,U
Uterine cancer,https://healthify.nz/health-a-z/u/uterine-cancer,U
Uveitis,https://healthify.nz/health-a-z/u/uveitis,U
Vaccination – adults,https://healthify.nz/health-a-z/v/Vaccination-adults,V
Vaccination – children,https://healthify.nz/health-a-z/v/Vaccination-children,V
Vaccination – who gives them and where can I get them?,https://healthify.nz/health-a-z/v/Vaccination-how,V
Vaccination - older children and teenagers,https://healthify.nz/health-a-z/v/Vaccination-older-children-and-teenagers,V
Vaccination – pregnancy,https://healthify.nz/health-a-z/v/Vaccination-pregnancy,V
Vaccination – why should I get vaccinated?,https://healthify.nz/health-a-z/v/Vaccination-why-should-I-get-vaccinated,V
Vaccination – without a spleen,https://healthify.nz/health-a-z/v/Vaccination-without-a-spleen,V
Vaccines,https://healthify.nz/health-a-z/v/Vaccines-facts,V
Vomiting and nausea in adults,https://healthify.nz/health-a-z/v/Vomiting-and-nausea-in-adults,V
Vaccine preventable diseases,https://healthify.nz/health-a-z/v/vaccine-preventable-diseases,V
Vaccines and immunisations,https://healthify.nz/health-a-z/v/vaccines-and-immunisations,V
Vaccines – common questions,https://healthify.nz/health-a-z/v/vaccines-common-questions-2,V
Vaginal bleeding – abnormal,https://healthify.nz/health-a-z/v/vaginal-bleeding-abnormal,V
Vaginal discharge,https://healthify.nz/health-a-z/v/vaginal-discharge,V
Vaginal prolapse,https://healthify.nz/health-a-z/v/vaginal-prolapse,V
Vaginal thrush,https://healthify.nz/health-a-z/v/vaginal-thrush,V
Vaginismus,https://healthify.nz/health-a-z/v/vaginismus,V
Vancomycin-resistant enterococci (VRE),https://healthify.nz/health-a-z/v/vancomycin-resistant-enterococci-vre,V
Varicose veins,https://healthify.nz/health-a-z/v/varicose-veins,V
Vasectomy,https://healthify.nz/health-a-z/v/vasectomy,V
Venous dermatitis,https://healthify.nz/health-a-z/v/venous-dermatitis,V
Venous leg ulcers,https://healthify.nz/health-a-z/v/venous-leg-ulcers,V
Ventilators,https://healthify.nz/health-a-z/v/ventilators,V
Veruccas,https://healthify.nz/health-a-z/v/verrucas,V
Vertigo,https://healthify.nz/health-a-z/v/vertigo,V
Vestibular neuritis,https://healthify.nz/health-a-z/v/vestibular-neuritis,V
Viral infections,https://healthify.nz/health-a-z/v/viral-infections,V
Viruses – how and why they change,https://healthify.nz/health-a-z/v/viruses-how-and-why-they-change,V
Vitamin D and falls,https://healthify.nz/health-a-z/v/vitamin-d-and-falls,V
Vitamin D and sensible sun exposure,https://healthify.nz/health-a-z/v/vitamin-d-and-sensible-sun-exposure,V
Vitamin D topics,https://healthify.nz/health-a-z/v/vitamin-d-topics,V
Vomiting in children,https://healthify.nz/health-a-z/v/vomiting-in-children,V
Von Willebrand disease,https://healthify.nz/health-a-z/v/von-willebrand-disease,V
VRE,https://healthify.nz/health-a-z/v/vre,V
Vulval cancer,https://healthify.nz/health-a-z/v/vulval-cancer,V
Vulvodynia,https://healthify.nz/health-a-z/v/vulvodynia,V
Vulvovaginitis in adult women,https://healthify.nz/health-a-z/v/vulvovaginitis-in-adult-women,V
Vulvovaginitis in girls,https://healthify.nz/health-a-z/v/vulvovaginitis-in-girls,V
Warts and verrucas,https://healthify.nz/health-a-z/w/warts-and-verrucas,W
Watery eye,https://healthify.nz/health-a-z/w/watery-eye,W
Weight loss surgery,https://healthify.nz/health-a-z/w/weight-loss-surgery,W
Weight loss topics,https://healthify.nz/health-a-z/w/weight-loss-topics,W
Wheeze in children under 5 years old,https://healthify.nz/health-a-z/w/wheeze-in-children-under-5-years-old,W
Whooping cough,https://healthify.nz/health-a-z/w/whooping-cough,W
Winter infection topics,https://healthify.nz/health-a-z/w/winter-infections,W
Wisdom teeth,https://healthify.nz/health-a-z/w/wisdom-teeth,W
Worms in humans,https://healthify.nz/health-a-z/w/worms-in-humans,W
Wound care topics,https://healthify.nz/health-a-z/w/wound-care-topics,W
Wound healing,https://healthify.nz/health-a-z/w/wound-healing,W
Wound infection – prevention and treatment,https://healthify.nz/health-a-z/w/wound-infection-prevention-and-treatment,W
X-ray,https://healthify.nz/health-a-z/x/x-ray,X
Xanthoma,https://healthify.nz/health-a-z/x/xanthoma,X
Zika virus,https://healthify.nz/health-a-z/z/zika-virus,Z
